StudentID,ProgramID,Gender,Age
10001,4,Male,19
10002,8,Female,18
10003,7,Male,24
10004,5,Female,30
10005,7,Male,28
10006,3,Female,28
10007,2,Male,19
10008,6,Female,18
10009,2,Male,19
10010,3,Male,24
10011,6,Male,24
10012,5,Female,27
10013,8,Male,23
10014,9,Male,22
10015,3,Male,20
10016,10,Male,29
10017,3,Female,20
10018,3,Male,28
10019,6,Male,30
10020,1,Male,29
10021,7,Female,26
10022,1,Male,21
10023,5,Male,26
10024,10,Male,21
10025,8,Male,19
10026,4,Female,21
10027,5,Male,23
10028,4,Male,23
10029,4,Female,22
10030,8,Female,18
10031,2,Female,20
10032,1,Male,22
10033,3,Female,23
10034,9,Male,18
10035,4,Female,26
10036,10,Male,20
10037,5,Female,27
10038,2,Male,30
10039,4,Female,20
10040,2,Male,28
10041,2,Male,19
10042,4,Male,25
10043,6,Male,30
10044,7,Male,20
10045,10,Male,23
10046,3,Male,19
10047,3,Male,24
10048,10,Female,30
10049,6,Male,21
10050,3,Male,26
10051,2,Female,27
10052,8,Male,26
10053,5,Female,24
10054,1,Male,29
10055,3,Female,25
10056,10,Female,20
10057,8,Male,28
10058,4,Female,22
10059,7,Male,19
10060,10,Male,27
10061,2,Male,24
10062,7,Male,30
10063,5,Female,25
10064,5,Male,26
10065,6,Female,28
10066,9,Female,28
10067,6,Male,24
10068,8,Male,27
10069,7,Male,27
10070,9,Male,30
10071,4,Female,25
10072,2,Male,29
10073,7,Female,26
10074,6,Male,23
10075,1,Male,29
10076,9,Male,29
10077,9,Male,27
10078,2,Female,19
10079,3,Female,19
10080,5,Male,21
10081,5,Female,26
10082,1,Female,24
10083,8,Male,19
10084,8,Male,25
10085,4,Female,28
10086,7,Female,24
10087,10,Female,26
10088,3,Female,25
10089,6,Male,20
10090,10,Male,18
10091,10,Female,19
10092,9,Male,30
10093,1,Female,19
10094,5,Female,21
10095,4,Male,23
10096,8,Female,21
10097,1,Female,26
10098,9,Male,21
10099,6,Male,23
10100,4,Female,23
10101,9,Female,27
10102,5,Male,28
10103,5,Female,27
10104,5,Female,18
10105,1,Male,25
10106,1,Male,29
10107,8,Male,20
10108,8,Male,30
10109,6,Male,23
10110,4,Male,20
10111,2,Female,28
10112,2,Female,19
10113,9,Male,22
10114,5,Male,18
10115,4,Female,26
10116,10,Female,28
10117,1,Female,24
10118,7,Male,20
10119,3,Male,21
10120,6,Female,30
10121,5,Male,23
10122,5,Male,20
10123,5,Male,29
10124,1,Female,24
10125,1,Female,30
10126,3,Male,23
10127,10,Male,26
10128,4,Male,29
10129,5,Male,22
10130,2,Male,21
10131,8,Female,20
10132,2,Male,27
10133,9,Male,18
10134,2,Male,20
10135,9,Female,20
10136,7,Female,24
10137,8,Male,24
10138,2,Female,30
10139,7,Female,29
10140,6,Female,18
10141,4,Female,20
10142,7,Female,30
10143,4,Female,25
10144,2,Male,26
10145,10,Female,24
10146,7,Female,24
10147,8,Male,29
10148,2,Male,28
10149,5,Male,25
10150,1,Male,23
10151,7,Female,28
10152,8,Female,20
10153,6,Female,18
10154,5,Female,24
10155,6,Male,18
10156,2,Female,18
10157,1,Female,26
10158,7,Male,30
10159,7,Female,27
10160,10,Female,24
10161,10,Female,30
10162,2,Female,28
10163,2,Male,30
10164,1,Male,21
10165,10,Male,23
10166,8,Male,18
10167,8,Male,24
10168,1,Female,29
10169,8,Female,23
10170,9,Male,21
10171,4,Male,24
10172,1,Male,20
10173,1,Female,18
10174,3,Male,21
10175,5,Female,20
10176,5,Female,18
10177,9,Female,19
10178,10,Female,28
10179,2,Male,22
10180,2,Female,25
10181,6,Female,18
10182,9,Male,21
10183,1,Female,21
10184,9,Female,22
10185,9,Female,24
10186,9,Male,30
10187,5,Female,29
10188,9,Female,25
10189,4,Male,23
10190,2,Male,18
10191,6,Female,24
10192,4,Female,20
10193,6,Male,30
10194,3,Female,30
10195,6,Male,30
10196,2,Female,23
10197,2,Male,25
10198,9,Female,24
10199,7,Male,27
10200,3,Male,23
10201,1,Male,26
10202,8,Male,26
10203,6,Male,18
10204,7,Female,18
10205,9,Female,18
10206,5,Male,25
10207,1,Female,29
10208,10,Female,30
10209,7,Female,29
10210,5,Female,27
10211,3,Female,24
10212,9,Female,20
10213,1,Male,30
10214,1,Female,19
10215,1,Female,21
10216,3,Female,20
10217,6,Male,24
10218,10,Female,27
10219,3,Female,25
10220,8,Female,23
10221,10,Male,20
10222,2,Female,23
10223,9,Male,19
10224,3,Female,29
10225,5,Male,24
10226,10,Male,28
10227,8,Male,27
10228,2,Female,24
10229,6,Male,21
10230,5,Male,30
10231,10,Male,25
10232,9,Male,21
10233,5,Female,24
10234,2,Female,21
10235,5,Female,30
10236,4,Female,29
10237,7,Male,22
10238,6,Female,24
10239,2,Male,30
10240,5,Female,30
10241,7,Female,27
10242,7,Female,20
10243,5,Male,27
10244,9,Female,22
10245,4,Female,28
10246,3,Female,20
10247,4,Male,22
10248,5,Female,20
10249,6,Female,28
10250,3,Male,27
10251,2,Male,28
10252,4,Female,24
10253,5,Female,30
10254,4,Female,18
10255,3,Male,26
10256,8,Male,26
10257,10,Male,22
10258,4,Female,26
10259,2,Male,27
10260,2,Female,30
10261,1,Male,23
10262,4,Male,22
10263,10,Male,30
10264,9,Female,20
10265,7,Female,28
10266,10,Female,28
10267,7,Female,25
10268,7,Male,21
10269,8,Female,27
10270,1,Male,30
10271,10,Female,30
10272,10,Female,20
10273,8,Male,30
10274,4,Male,23
10275,4,Female,25
10276,4,Female,30
10277,6,Male,26
10278,7,Male,23
10279,6,Male,22
10280,1,Male,29
10281,8,Male,28
10282,10,Female,19
10283,7,Female,19
10284,6,Female,26
10285,6,Female,19
10286,5,Male,19
10287,6,Male,20
10288,9,Male,20
10289,10,Female,21
10290,9,Male,24
10291,10,Male,26
10292,8,Female,19
10293,10,Female,21
10294,9,Female,26
10295,10,Male,19
10296,8,Male,27
10297,8,Female,28
10298,1,Female,30
10299,10,Male,18
10300,5,Female,27
10301,4,Male,25
10302,2,Female,26
10303,8,Female,24
10304,3,Female,25
10305,4,Male,21
10306,7,Male,21
10307,10,Female,30
10308,9,Male,19
10309,2,Female,25
10310,3,Female,28
10311,4,Male,19
10312,10,Male,26
10313,1,Male,21
10314,7,Male,18
10315,2,Female,30
10316,5,Male,21
10317,1,Male,20
10318,3,Female,29
10319,2,Female,23
10320,1,Female,24
10321,7,Female,25
10322,5,Male,19
10323,1,Male,23
10324,6,Female,23
10325,5,Female,27
10326,3,Male,29
10327,7,Male,22
10328,10,Male,27
10329,9,Male,27
10330,9,Male,24
10331,9,Female,20
10332,2,Female,21
10333,3,Female,27
10334,7,Female,30
10335,5,Male,26
10336,2,Female,21
10337,3,Male,20
10338,10,Male,19
10339,6,Male,22
10340,7,Male,21
10341,9,Male,30
10342,1,Male,30
10343,7,Male,25
10344,8,Female,24
10345,3,Male,23
10346,4,Female,28
10347,10,Female,29
10348,6,Male,19
10349,10,Male,20
10350,7,Female,27
10351,4,Female,26
10352,8,Female,30
10353,5,Female,26
10354,1,Male,22
10355,4,Male,20
10356,3,Male,19
10357,9,Female,25
10358,8,Male,23
10359,1,Female,27
10360,6,Male,28
10361,9,Female,29
10362,7,Male,24
10363,4,Male,18
10364,1,Female,18
10365,2,Female,27
10366,5,Female,19
10367,5,Female,27
10368,8,Female,20
10369,6,Male,29
10370,8,Female,18
10371,2,Male,22
10372,3,Male,20
10373,6,Male,18
10374,10,Male,25
10375,3,Male,29
10376,6,Female,28
10377,6,Female,23
10378,2,Male,26
10379,7,Male,20
10380,2,Female,26
10381,6,Female,26
10382,1,Male,29
10383,3,Female,30
10384,2,Female,29
10385,7,Female,18
10386,4,Male,20
10387,8,Female,23
10388,6,Male,25
10389,10,Male,21
10390,4,Male,22
10391,5,Male,26
10392,9,Male,23
10393,7,Female,29
10394,10,Male,24
10395,9,Male,24
10396,7,Male,21
10397,1,Female,21
10398,8,Female,21
10399,4,Female,28
10400,3,Female,22
10401,7,Female,22
10402,3,Female,25
10403,8,Female,26
10404,6,Male,19
10405,5,Male,28
10406,4,Female,24
10407,8,Male,18
10408,8,Male,18
10409,1,Female,21
10410,9,Male,27
10411,5,Male,24
10412,4,Female,19
10413,6,Male,28
10414,6,Female,19
10415,2,Female,18
10416,8,Male,27
10417,7,Male,19
10418,1,Male,30
10419,5,Female,24
10420,6,Female,26
10421,4,Female,23
10422,2,Male,27
10423,4,Male,19
10424,1,Female,29
10425,7,Male,27
10426,2,Male,27
10427,2,Female,30
10428,9,Female,26
10429,5,Male,24
10430,2,Female,28
10431,9,Male,18
10432,9,Female,29
10433,1,Female,26
10434,3,Female,19
10435,4,Male,21
10436,7,Male,26
10437,10,Female,21
10438,4,Female,20
10439,2,Female,18
10440,7,Male,24
10441,6,Female,23
10442,3,Female,27
10443,6,Female,21
10444,6,Female,23
10445,5,Male,23
10446,4,Male,30
10447,10,Female,21
10448,1,Male,30
10449,10,Male,23
10450,6,Male,27
10451,2,Female,28
10452,3,Male,25
10453,8,Male,30
10454,10,Male,20
10455,6,Female,21
10456,3,Female,27
10457,7,Male,30
10458,4,Male,29
10459,9,Female,18
10460,5,Female,21
10461,3,Male,28
10462,2,Male,27
10463,2,Female,27
10464,3,Female,29
10465,2,Male,26
10466,4,Female,25
10467,2,Male,28
10468,10,Male,21
10469,9,Male,29
10470,2,Female,24
10471,9,Male,27
10472,6,Male,20
10473,1,Female,26
10474,4,Female,27
10475,1,Male,21
10476,6,Male,19
10477,4,Female,27
10478,3,Female,22
10479,3,Female,19
10480,9,Male,27
10481,6,Male,23
10482,9,Male,28
10483,5,Female,27
10484,2,Male,18
10485,8,Female,23
10486,5,Male,21
10487,2,Female,20
10488,4,Male,19
10489,9,Male,24
10490,4,Female,26
10491,4,Female,29
10492,2,Male,20
10493,6,Female,23
10494,2,Female,26
10495,7,Male,19
10496,3,Female,24
10497,3,Male,22
10498,5,Male,22
10499,3,Female,28
10500,2,Female,24
10501,10,Male,26
10502,9,Male,21
10503,2,Male,26
10504,2,Male,30
10505,8,Male,28
10506,9,Male,27
10507,7,Female,26
10508,3,Female,30
10509,9,Female,21
10510,3,Male,20
10511,5,Female,19
10512,9,Male,26
10513,3,Male,29
10514,7,Female,19
10515,1,Male,23
10516,4,Male,22
10517,4,Male,22
10518,7,Male,21
10519,8,Male,23
10520,1,Male,22
10521,5,Female,28
10522,7,Male,21
10523,4,Male,30
10524,4,Male,26
10525,4,Male,30
10526,6,Female,23
10527,7,Female,28
10528,2,Male,27
10529,5,Male,27
10530,4,Male,30
10531,3,Female,27
10532,7,Female,30
10533,6,Female,20
10534,7,Female,27
10535,5,Male,23
10536,6,Female,18
10537,5,Female,22
10538,7,Male,27
10539,2,Male,23
10540,5,Female,28
10541,6,Female,25
10542,6,Female,28
10543,5,Female,26
10544,10,Male,28
10545,7,Male,20
10546,10,Female,19
10547,8,Female,30
10548,7,Female,21
10549,5,Female,25
10550,1,Female,28
10551,5,Male,25
10552,10,Male,20
10553,2,Male,21
10554,5,Female,20
10555,5,Female,27
10556,2,Male,19
10557,5,Male,21
10558,4,Female,23
10559,1,Male,28
10560,3,Female,28
10561,1,Female,22
10562,5,Male,20
10563,4,Male,19
10564,7,Male,26
10565,5,Female,18
10566,10,Female,26
10567,4,Male,18
10568,2,Female,24
10569,4,Female,23
10570,2,Female,24
10571,8,Male,20
10572,3,Female,20
10573,9,Male,30
10574,4,Male,28
10575,6,Female,18
10576,10,Male,21
10577,5,Female,29
10578,10,Male,19
10579,1,Male,27
10580,9,Female,25
10581,1,Male,20
10582,8,Male,24
10583,9,Male,24
10584,9,Female,29
10585,1,Female,26
10586,2,Male,23
10587,1,Male,18
10588,10,Male,25
10589,2,Female,18
10590,10,Female,20
10591,8,Male,28
10592,5,Female,22
10593,7,Female,25
10594,2,Female,26
10595,8,Female,24
10596,6,Male,26
10597,8,Female,28
10598,1,Female,20
10599,1,Male,30
10600,7,Male,22
10601,8,Female,27
10602,3,Female,25
10603,5,Male,29
10604,1,Male,18
10605,7,Male,25
10606,5,Female,24
10607,8,Female,18
10608,8,Male,30
10609,9,Female,30
10610,7,Male,27
10611,1,Female,29
10612,3,Male,27
10613,8,Male,29
10614,3,Female,23
10615,8,Female,18
10616,1,Female,19
10617,5,Female,22
10618,4,Female,19
10619,5,Female,27
10620,8,Male,18
10621,10,Female,23
10622,4,Male,25
10623,4,Male,25
10624,3,Female,30
10625,7,Male,30
10626,3,Male,25
10627,3,Female,28
10628,10,Female,23
10629,5,Female,28
10630,5,Male,20
10631,6,Female,18
10632,8,Female,19
10633,10,Female,22
10634,6,Female,30
10635,1,Male,27
10636,8,Female,22
10637,8,Male,27
10638,9,Female,18
10639,9,Male,18
10640,2,Male,26
10641,2,Male,19
10642,3,Female,24
10643,1,Male,27
10644,4,Female,21
10645,4,Female,24
10646,9,Female,25
10647,9,Female,22
10648,9,Female,30
10649,10,Male,29
10650,7,Female,29
10651,2,Male,18
10652,10,Male,21
10653,5,Male,27
10654,4,Male,20
10655,8,Male,27
10656,2,Male,29
10657,6,Male,22
10658,5,Female,27
10659,2,Male,30
10660,10,Female,27
10661,1,Male,30
10662,8,Male,23
10663,2,Male,19
10664,7,Male,24
10665,9,Female,30
10666,9,Female,20
10667,8,Female,18
10668,10,Male,27
10669,9,Male,20
10670,2,Male,26
10671,6,Female,27
10672,4,Male,28
10673,4,Female,28
10674,5,Female,23
10675,3,Male,28
10676,1,Male,23
10677,8,Female,21
10678,5,Female,25
10679,3,Female,22
10680,10,Male,24
10681,7,Male,26
10682,7,Male,30
10683,1,Male,30
10684,9,Male,22
10685,2,Male,28
10686,5,Female,22
10687,5,Female,21
10688,8,Female,23
10689,8,Male,19
10690,7,Female,20
10691,7,Male,18
10692,6,Male,19
10693,6,Female,19
10694,9,Male,25
10695,6,Female,25
10696,2,Female,19
10697,2,Male,30
10698,5,Female,23
10699,4,Female,22
10700,2,Female,20
10701,3,Female,22
10702,7,Male,22
10703,8,Female,22
10704,6,Female,20
10705,5,Female,20
10706,1,Male,21
10707,8,Female,24
10708,3,Male,29
10709,6,Female,29
10710,3,Female,29
10711,7,Female,19
10712,7,Male,27
10713,9,Male,21
10714,5,Male,21
10715,8,Male,18
10716,10,Male,27
10717,10,Male,25
10718,8,Female,18
10719,1,Male,25
10720,5,Female,24
10721,3,Male,26
10722,1,Male,25
10723,4,Male,22
10724,8,Female,25
10725,3,Male,28
10726,10,Male,27
10727,2,Female,29
10728,9,Female,29
10729,10,Female,20
10730,5,Female,27
10731,7,Male,24
10732,2,Female,29
10733,9,Male,21
10734,9,Male,22
10735,4,Female,26
10736,4,Male,24
10737,6,Female,21
10738,10,Male,23
10739,10,Female,27
10740,10,Female,28
10741,6,Female,24
10742,1,Female,30
10743,9,Female,27
10744,2,Female,30
10745,5,Male,26
10746,9,Male,21
10747,4,Male,27
10748,3,Female,20
10749,7,Male,25
10750,6,Female,18
10751,8,Male,26
10752,3,Male,30
10753,5,Female,18
10754,10,Male,19
10755,4,Male,30
10756,4,Male,25
10757,4,Female,26
10758,10,Male,24
10759,8,Female,20
10760,6,Male,24
10761,3,Male,23
10762,10,Male,19
10763,5,Male,20
10764,6,Female,28
10765,5,Male,30
10766,6,Female,29
10767,8,Female,30
10768,7,Male,27
10769,5,Male,27
10770,10,Female,30
10771,6,Female,29
10772,4,Male,22
10773,9,Male,27
10774,4,Male,21
10775,1,Male,19
10776,7,Male,21
10777,7,Female,29
10778,4,Male,25
10779,3,Male,22
10780,8,Female,22
10781,5,Male,30
10782,10,Male,29
10783,7,Female,29
10784,4,Male,27
10785,4,Female,20
10786,8,Male,30
10787,8,Male,25
10788,2,Male,23
10789,2,Female,19
10790,3,Female,19
10791,3,Female,26
10792,1,Female,30
10793,3,Male,24
10794,6,Female,27
10795,8,Female,26
10796,10,Female,23
10797,6,Male,22
10798,5,Male,29
10799,4,Female,18
10800,3,Female,29
10801,4,Male,23
10802,7,Female,23
10803,1,Female,20
10804,7,Female,20
10805,1,Female,20
10806,2,Male,20
10807,4,Male,24
10808,1,Male,27
10809,9,Female,28
10810,6,Female,19
10811,1,Male,27
10812,1,Male,30
10813,6,Male,27
10814,4,Female,19
10815,4,Male,20
10816,6,Female,27
10817,7,Female,29
10818,9,Male,24
10819,10,Male,20
10820,5,Female,24
10821,9,Male,26
10822,4,Male,28
10823,10,Female,27
10824,2,Female,29
10825,3,Female,28
10826,1,Female,21
10827,6,Female,24
10828,6,Male,26
10829,1,Female,25
10830,3,Female,25
10831,5,Female,26
10832,3,Male,22
10833,10,Female,22
10834,3,Female,20
10835,10,Female,22
10836,3,Male,25
10837,5,Female,29
10838,5,Female,22
10839,4,Female,21
10840,1,Male,25
10841,5,Male,24
10842,10,Male,23
10843,5,Male,22
10844,4,Female,22
10845,6,Female,30
10846,10,Male,27
10847,4,Male,19
10848,7,Female,30
10849,7,Female,21
10850,2,Male,25
10851,3,Male,25
10852,1,Male,28
10853,8,Male,18
10854,9,Female,19
10855,4,Male,22
10856,6,Male,26
10857,9,Female,27
10858,6,Female,28
10859,9,Female,29
10860,4,Female,30
10861,8,Female,28
10862,9,Male,24
10863,4,Male,27
10864,5,Male,22
10865,8,Female,18
10866,10,Male,23
10867,6,Female,29
10868,7,Male,25
10869,3,Male,24
10870,7,Female,19
10871,8,Female,29
10872,10,Male,22
10873,6,Male,28
10874,10,Male,21
10875,9,Male,26
10876,6,Male,27
10877,9,Female,18
10878,4,Female,29
10879,8,Female,23
10880,4,Female,20
10881,2,Male,28
10882,10,Male,26
10883,9,Female,22
10884,5,Male,30
10885,4,Female,23
10886,2,Male,28
10887,1,Male,26
10888,7,Male,26
10889,6,Female,25
10890,2,Female,26
10891,8,Female,21
10892,4,Female,23
10893,8,Male,22
10894,7,Male,22
10895,5,Male,21
10896,10,Male,19
10897,10,Female,29
10898,8,Male,23
10899,9,Male,26
10900,5,Male,29
10901,10,Female,18
10902,5,Female,24
10903,2,Female,23
10904,5,Male,20
10905,3,Female,18
10906,7,Male,30
10907,10,Male,21
10908,5,Male,26
10909,8,Female,19
10910,1,Female,20
10911,3,Male,19
10912,3,Male,19
10913,9,Female,27
10914,5,Female,28
10915,9,Female,28
10916,9,Male,25
10917,1,Male,20
10918,2,Male,24
10919,5,Female,25
10920,4,Female,20
10921,10,Female,19
10922,9,Male,30
10923,7,Male,30
10924,6,Female,25
10925,7,Male,20
10926,1,Female,24
10927,1,Male,29
10928,8,Female,18
10929,2,Male,29
10930,10,Male,23
10931,9,Female,29
10932,7,Female,29
10933,6,Female,30
10934,1,Female,26
10935,1,Female,29
10936,2,Male,20
10937,6,Female,24
10938,6,Female,30
10939,2,Female,23
10940,1,Male,25
10941,10,Female,20
10942,5,Female,20
10943,5,Female,21
10944,2,Male,20
10945,6,Male,26
10946,9,Female,28
10947,2,Male,21
10948,10,Female,23
10949,2,Male,25
10950,3,Female,28
10951,7,Male,30
10952,6,Female,25
10953,8,Female,22
10954,8,Male,22
10955,6,Female,23
10956,10,Female,27
10957,3,Female,24
10958,3,Female,30
10959,1,Male,30
10960,7,Female,27
10961,5,Male,24
10962,4,Male,30
10963,10,Male,21
10964,4,Male,23
10965,4,Female,24
10966,6,Female,22
10967,8,Male,22
10968,8,Female,19
10969,5,Male,24
10970,6,Female,29
10971,4,Female,23
10972,9,Female,28
10973,8,Male,18
10974,10,Male,21
10975,10,Female,20
10976,1,Male,29
10977,2,Male,20
10978,9,Female,24
10979,8,Male,28
10980,3,Female,29
10981,8,Female,27
10982,1,Female,21
10983,10,Male,29
10984,4,Female,25
10985,3,Female,28
10986,6,Male,26
10987,7,Male,20
10988,4,Male,22
10989,7,Male,21
10990,9,Female,29
10991,2,Male,27
10992,3,Male,23
10993,5,Male,28
10994,3,Male,27
10995,8,Female,21
10996,10,Male,25
10997,8,Female,20
10998,8,Male,28
10999,9,Female,22
11000,4,Female,30
11001,5,Male,18
11002,5,Female,30
11003,8,Male,23
11004,7,Female,28
11005,9,Female,22
11006,8,Female,25
11007,2,Male,26
11008,10,Female,25
11009,4,Male,25
11010,6,Female,29
11011,2,Female,30
11012,7,Female,20
11013,3,Female,21
11014,3,Female,28
11015,2,Female,21
11016,8,Male,28
11017,6,Male,22
11018,1,Male,30
11019,1,Female,26
11020,7,Male,29
11021,8,Female,26
11022,5,Male,27
11023,5,Male,30
11024,4,Female,29
11025,6,Female,18
11026,6,Male,25
11027,3,Male,18
11028,9,Male,19
11029,7,Male,24
11030,1,Female,25
11031,7,Male,18
11032,5,Female,20
11033,5,Female,24
11034,2,Male,30
11035,4,Female,26
11036,6,Male,25
11037,10,Female,25
11038,7,Female,26
11039,5,Male,27
11040,9,Female,20
11041,3,Female,25
11042,1,Male,18
11043,4,Female,25
11044,9,Female,30
11045,4,Male,24
11046,2,Male,30
11047,10,Female,25
11048,5,Female,18
11049,3,Female,23
11050,9,Male,24
11051,4,Female,28
11052,6,Female,22
11053,2,Female,22
11054,6,Female,24
11055,3,Female,28
11056,9,Female,20
11057,2,Male,23
11058,9,Male,24
11059,5,Female,18
11060,8,Female,29
11061,2,Male,19
11062,6,Male,29
11063,3,Male,21
11064,10,Female,30
11065,5,Female,25
11066,8,Female,28
11067,10,Female,30
11068,1,Male,27
11069,5,Male,23
11070,3,Male,18
11071,4,Male,27
11072,2,Female,22
11073,9,Female,24
11074,3,Male,30
11075,2,Male,23
11076,10,Male,30
11077,9,Male,30
11078,7,Male,29
11079,6,Female,26
11080,1,Female,25
11081,5,Male,21
11082,3,Male,30
11083,1,Male,28
11084,4,Female,29
11085,2,Female,22
11086,2,Female,24
11087,3,Male,25
11088,8,Female,22
11089,8,Male,26
11090,7,Female,27
11091,6,Female,29
11092,9,Female,21
11093,4,Male,21
11094,1,Male,30
11095,8,Female,25
11096,7,Male,18
11097,7,Male,25
11098,3,Male,22
11099,4,Male,30
11100,10,Male,28
11101,9,Male,18
11102,6,Male,21
11103,5,Female,19
11104,3,Male,21
11105,9,Male,25
11106,5,Female,22
11107,5,Female,18
11108,4,Female,24
11109,4,Female,18
11110,1,Male,26
11111,7,Female,20
11112,9,Female,29
11113,3,Male,20
11114,2,Male,23
11115,3,Male,27
11116,1,Female,23
11117,6,Male,30
11118,7,Female,28
11119,2,Male,28
11120,8,Male,23
11121,6,Female,30
11122,4,Male,18
11123,5,Male,22
11124,8,Male,29
11125,3,Male,23
11126,3,Male,25
11127,4,Female,30
11128,1,Female,18
11129,9,Male,22
11130,8,Female,20
11131,8,Female,19
11132,10,Female,28
11133,6,Male,25
11134,7,Male,24
11135,6,Male,27
11136,9,Female,24
11137,3,Female,22
11138,3,Male,29
11139,3,Male,30
11140,10,Female,26
11141,3,Female,22
11142,9,Male,19
11143,4,Female,20
11144,7,Female,21
11145,9,Female,22
11146,7,Female,30
11147,9,Female,20
11148,3,Female,29
11149,4,Female,24
11150,8,Male,22
11151,6,Male,22
11152,5,Female,23
11153,4,Female,24
11154,8,Female,27
11155,1,Male,27
11156,9,Male,25
11157,1,Female,26
11158,8,Male,28
11159,4,Female,21
11160,9,Female,22
11161,5,Female,22
11162,3,Female,25
11163,9,Female,26
11164,9,Female,24
11165,4,Female,22
11166,4,Male,20
11167,8,Female,18
11168,2,Male,28
11169,9,Female,26
11170,6,Female,22
11171,9,Male,26
11172,8,Male,27
11173,7,Female,29
11174,1,Male,30
11175,3,Female,21
11176,2,Female,22
11177,5,Male,21
11178,5,Male,19
11179,5,Male,29
11180,4,Male,18
11181,5,Female,25
11182,3,Male,21
11183,1,Male,22
11184,5,Male,23
11185,9,Male,25
11186,9,Male,28
11187,4,Female,25
11188,3,Female,24
11189,1,Male,21
11190,2,Male,23
11191,8,Female,21
11192,1,Male,24
11193,8,Female,29
11194,7,Female,30
11195,8,Male,29
11196,6,Female,30
11197,9,Male,30
11198,3,Male,28
11199,10,Female,18
11200,4,Female,22
11201,6,Male,27
11202,8,Female,29
11203,5,Male,27
11204,3,Female,21
11205,6,Female,28
11206,4,Male,24
11207,9,Male,30
11208,3,Male,26
11209,4,Female,22
11210,7,Male,21
11211,7,Male,26
11212,4,Female,22
11213,6,Female,26
11214,3,Male,25
11215,6,Male,21
11216,2,Male,28
11217,8,Male,28
11218,2,Female,24
11219,7,Female,22
11220,9,Male,27
11221,1,Male,21
11222,8,Male,22
11223,7,Female,22
11224,6,Male,28
11225,6,Male,26
11226,6,Female,29
11227,9,Female,26
11228,2,Male,23
11229,1,Male,21
11230,6,Female,19
11231,10,Male,20
11232,8,Male,19
11233,3,Female,22
11234,10,Female,23
11235,1,Female,28
11236,9,Male,22
11237,1,Female,19
11238,3,Female,29
11239,8,Male,22
11240,3,Male,26
11241,4,Female,21
11242,8,Female,29
11243,1,Male,27
11244,6,Male,19
11245,1,Female,20
11246,1,Female,20
11247,8,Male,26
11248,4,Female,21
11249,1,Male,18
11250,10,Female,18
11251,7,Male,24
11252,5,Male,24
11253,5,Female,19
11254,1,Female,26
11255,10,Male,26
11256,6,Female,22
11257,9,Female,20
11258,9,Female,20
11259,8,Male,29
11260,5,Female,20
11261,1,Female,23
11262,9,Male,21
11263,1,Female,25
11264,8,Female,30
11265,5,Male,28
11266,3,Male,30
11267,7,Female,28
11268,7,Female,28
11269,9,Male,22
11270,7,Male,18
11271,3,Female,26
11272,1,Female,18
11273,8,Female,23
11274,3,Male,18
11275,8,Female,20
11276,8,Male,27
11277,5,Male,22
11278,1,Male,27
11279,10,Female,24
11280,7,Female,27
11281,10,Female,25
11282,5,Male,29
11283,8,Female,26
11284,9,Male,23
11285,7,Male,28
11286,7,Male,26
11287,1,Male,25
11288,4,Male,26
11289,2,Male,27
11290,2,Female,21
11291,2,Male,26
11292,4,Female,24
11293,1,Male,22
11294,4,Female,22
11295,2,Female,18
11296,5,Female,19
11297,3,Female,27
11298,8,Male,20
11299,4,Male,25
11300,1,Male,23
11301,1,Male,29
11302,10,Female,27
11303,3,Female,28
11304,9,Female,30
11305,7,Male,22
11306,2,Female,30
11307,9,Male,18
11308,10,Female,29
11309,2,Female,28
11310,3,Female,29
11311,10,Female,26
11312,2,Female,20
11313,3,Male,20
11314,6,Female,19
11315,9,Male,21
11316,9,Male,29
11317,7,Male,19
11318,3,Male,30
11319,4,Male,26
11320,6,Male,29
11321,5,Male,27
11322,2,Male,24
11323,6,Female,25
11324,3,Female,20
11325,8,Male,23
11326,2,Male,27
11327,1,Male,23
11328,9,Female,30
11329,3,Female,18
11330,1,Male,23
11331,7,Male,30
11332,10,Female,20
11333,5,Female,28
11334,5,Male,20
11335,1,Male,20
11336,9,Male,27
11337,7,Male,28
11338,8,Female,28
11339,9,Female,27
11340,6,Male,28
11341,5,Male,25
11342,6,Male,30
11343,2,Female,22
11344,4,Male,21
11345,3,Male,30
11346,7,Male,26
11347,9,Female,26
11348,5,Male,18
11349,6,Female,19
11350,10,Male,25
11351,2,Male,22
11352,3,Male,24
11353,3,Female,18
11354,9,Male,29
11355,7,Male,27
11356,8,Female,29
11357,10,Female,22
11358,9,Female,28
11359,6,Male,29
11360,4,Female,20
11361,1,Male,27
11362,8,Female,29
11363,7,Female,29
11364,2,Female,19
11365,8,Male,19
11366,5,Male,26
11367,7,Male,30
11368,4,Male,21
11369,5,Male,21
11370,8,Male,24
11371,1,Male,27
11372,1,Male,27
11373,4,Male,30
11374,3,Female,19
11375,10,Female,20
11376,2,Male,20
11377,3,Male,23
11378,1,Male,20
11379,1,Male,28
11380,6,Female,22
11381,5,Female,21
11382,8,Male,20
11383,2,Female,25
11384,4,Female,27
11385,8,Male,20
11386,6,Male,23
11387,1,Male,30
11388,4,Male,24
11389,1,Female,24
11390,2,Male,19
11391,5,Female,20
11392,8,Male,29
11393,8,Female,27
11394,3,Male,27
11395,4,Male,21
11396,10,Female,24
11397,6,Female,19
11398,10,Female,20
11399,3,Male,24
11400,2,Female,24
11401,6,Female,27
11402,5,Female,20
11403,10,Female,29
11404,5,Female,18
11405,10,Female,29
11406,5,Female,20
11407,10,Female,22
11408,5,Female,24
11409,3,Male,21
11410,7,Male,30
11411,6,Female,30
11412,4,Male,28
11413,2,Male,28
11414,9,Female,18
11415,1,Female,23
11416,4,Female,19
11417,1,Female,29
11418,6,Female,20
11419,4,Female,21
11420,5,Male,23
11421,5,Female,23
11422,9,Male,24
11423,1,Female,22
11424,2,Female,24
11425,6,Male,19
11426,5,Female,18
11427,7,Female,29
11428,3,Male,27
11429,3,Female,25
11430,10,Male,18
11431,2,Female,29
11432,3,Female,19
11433,10,Male,28
11434,1,Female,29
11435,5,Male,27
11436,5,Male,23
11437,7,Male,18
11438,4,Female,27
11439,3,Female,20
11440,1,Male,24
11441,8,Female,29
11442,3,Female,25
11443,2,Female,21
11444,4,Male,29
11445,3,Female,20
11446,1,Male,18
11447,3,Female,29
11448,2,Female,26
11449,8,Male,27
11450,6,Female,23
11451,9,Male,23
11452,8,Female,26
11453,10,Male,18
11454,3,Female,23
11455,5,Female,29
11456,7,Female,22
11457,5,Male,30
11458,8,Male,28
11459,5,Male,23
11460,1,Female,28
11461,5,Male,25
11462,4,Male,22
11463,6,Male,19
11464,3,Male,29
11465,5,Male,29
11466,2,Male,19
11467,6,Male,27
11468,6,Male,22
11469,5,Male,20
11470,6,Male,27
11471,7,Female,20
11472,5,Female,25
11473,1,Male,24
11474,8,Female,18
11475,4,Female,29
11476,9,Male,30
11477,10,Male,29
11478,6,Male,22
11479,1,Female,26
11480,3,Male,21
11481,3,Female,18
11482,10,Male,25
11483,4,Female,22
11484,6,Female,19
11485,7,Male,29
11486,10,Male,18
11487,4,Female,29
11488,6,Female,29
11489,1,Male,29
11490,8,Male,20
11491,7,Female,26
11492,9,Male,18
11493,3,Female,21
11494,2,Male,25
11495,1,Male,25
11496,3,Male,27
11497,5,Female,29
11498,2,Male,28
11499,3,Female,30
11500,4,Male,28
11501,7,Female,25
11502,3,Female,27
11503,9,Male,25
11504,8,Female,21
11505,4,Female,25
11506,1,Female,26
11507,1,Female,24
11508,1,Male,29
11509,1,Male,19
11510,8,Male,26
11511,3,Female,28
11512,6,Female,25
11513,3,Male,30
11514,5,Male,22
11515,7,Female,29
11516,2,Male,20
11517,6,Male,24
11518,6,Female,19
11519,3,Male,30
11520,6,Female,20
11521,10,Male,29
11522,10,Female,26
11523,5,Female,21
11524,2,Female,21
11525,9,Female,20
11526,8,Female,22
11527,3,Male,20
11528,8,Male,26
11529,9,Male,20
11530,3,Female,19
11531,3,Male,29
11532,2,Female,22
11533,8,Female,23
11534,10,Male,18
11535,1,Female,29
11536,8,Male,28
11537,7,Female,23
11538,7,Female,27
11539,3,Male,20
11540,1,Female,21
11541,4,Male,23
11542,9,Female,25
11543,5,Male,26
11544,1,Female,23
11545,5,Male,24
11546,8,Male,22
11547,8,Female,29
11548,5,Male,26
11549,9,Female,21
11550,1,Female,27
11551,4,Male,28
11552,3,Male,23
11553,2,Male,22
11554,8,Male,18
11555,7,Male,22
11556,9,Female,30
11557,2,Male,22
11558,4,Female,26
11559,6,Male,18
11560,3,Male,22
11561,8,Male,24
11562,3,Female,28
11563,2,Male,23
11564,3,Female,23
11565,6,Female,29
11566,2,Female,24
11567,8,Male,23
11568,1,Female,22
11569,7,Male,27
11570,2,Female,22
11571,10,Male,26
11572,6,Female,25
11573,2,Male,29
11574,2,Male,27
11575,10,Male,21
11576,8,Female,21
11577,2,Female,27
11578,7,Male,22
11579,3,Female,30
11580,8,Female,30
11581,7,Female,20
11582,8,Female,25
11583,7,Female,24
11584,6,Female,22
11585,7,Female,27
11586,5,Male,20
11587,7,Male,22
11588,1,Female,20
11589,1,Male,27
11590,9,Male,22
11591,5,Male,18
11592,5,Female,23
11593,3,Female,27
11594,5,Female,21
11595,3,Female,21
11596,9,Female,25
11597,9,Male,19
11598,6,Female,21
11599,1,Male,19
11600,7,Female,18
11601,7,Male,27
11602,10,Female,30
11603,10,Female,30
11604,4,Female,20
11605,8,Female,29
11606,6,Female,25
11607,4,Female,23
11608,4,Male,29
11609,2,Female,24
11610,2,Male,19
11611,4,Female,23
11612,5,Male,25
11613,8,Male,25
11614,6,Male,21
11615,4,Male,23
11616,7,Male,22
11617,8,Male,26
11618,2,Female,25
11619,7,Male,19
11620,2,Female,29
11621,2,Female,30
11622,8,Male,24
11623,2,Male,24
11624,9,Female,28
11625,1,Male,29
11626,9,Male,18
11627,1,Male,18
11628,10,Male,29
11629,10,Male,21
11630,2,Male,22
11631,6,Male,21
11632,6,Female,24
11633,1,Male,20
11634,7,Female,24
11635,8,Female,30
11636,2,Female,25
11637,8,Female,23
11638,9,Male,23
11639,6,Female,25
11640,5,Female,25
11641,9,Female,24
11642,9,Female,23
11643,1,Female,23
11644,3,Male,27
11645,9,Male,28
11646,2,Female,30
11647,4,Male,30
11648,4,Male,23
11649,2,Female,25
11650,3,Female,18
11651,3,Female,22
11652,1,Male,20
11653,6,Female,29
11654,8,Male,25
11655,3,Male,28
11656,5,Male,23
11657,1,Female,19
11658,10,Male,30
11659,7,Female,24
11660,10,Female,24
11661,1,Female,30
11662,9,Female,22
11663,8,Female,25
11664,7,Male,22
11665,10,Male,18
11666,7,Male,26
11667,5,Male,21
11668,5,Male,30
11669,5,Female,19
11670,1,Female,21
11671,8,Male,30
11672,1,Male,26
11673,4,Male,19
11674,9,Female,21
11675,9,Female,19
11676,5,Female,22
11677,4,Male,20
11678,3,Male,27
11679,3,Male,19
11680,5,Male,26
11681,10,Female,22
11682,1,Male,27
11683,5,Male,22
11684,6,Male,18
11685,7,Female,23
11686,9,Female,30
11687,3,Male,24
11688,2,Female,18
11689,3,Female,26
11690,9,Female,25
11691,7,Female,29
11692,9,Female,25
11693,2,Male,24
11694,5,Male,22
11695,4,Male,20
11696,2,Female,29
11697,9,Female,26
11698,9,Female,24
11699,6,Female,28
11700,6,Male,27
11701,8,Male,27
11702,6,Male,25
11703,1,Male,23
11704,4,Male,29
11705,7,Male,28
11706,2,Female,22
11707,9,Female,25
11708,8,Male,20
11709,8,Female,29
11710,7,Male,30
11711,4,Male,30
11712,2,Female,24
11713,3,Male,19
11714,6,Male,20
11715,5,Male,30
11716,8,Female,29
11717,6,Female,19
11718,6,Female,22
11719,1,Female,24
11720,4,Male,28
11721,5,Female,27
11722,3,Female,28
11723,9,Female,28
11724,1,Male,28
11725,6,Female,27
11726,6,Female,30
11727,10,Male,18
11728,5,Male,30
11729,5,Male,27
11730,10,Male,26
11731,5,Female,18
11732,6,Male,18
11733,8,Female,29
11734,2,Female,27
11735,6,Female,25
11736,1,Female,23
11737,4,Female,23
11738,10,Male,29
11739,3,Female,26
11740,9,Female,21
11741,3,Female,25
11742,6,Male,21
11743,1,Female,19
11744,6,Female,28
11745,4,Male,25
11746,8,Female,29
11747,9,Female,24
11748,4,Male,21
11749,10,Female,26
11750,10,Female,26
11751,6,Female,25
11752,1,Female,18
11753,4,Female,24
11754,7,Male,22
11755,1,Male,24
11756,8,Male,29
11757,10,Female,26
11758,6,Female,19
11759,5,Female,30
11760,10,Male,28
11761,9,Female,21
11762,2,Female,21
11763,5,Female,19
11764,6,Male,20
11765,7,Male,28
11766,5,Female,30
11767,9,Female,25
11768,1,Female,29
11769,7,Male,26
11770,10,Male,23
11771,7,Male,27
11772,4,Female,19
11773,9,Male,19
11774,5,Female,24
11775,4,Female,25
11776,7,Male,25
11777,4,Female,23
11778,3,Male,27
11779,9,Female,25
11780,8,Female,18
11781,1,Male,26
11782,7,Female,30
11783,9,Female,29
11784,8,Female,18
11785,8,Female,30
11786,6,Female,20
11787,4,Female,29
11788,8,Female,26
11789,3,Female,28
11790,9,Male,22
11791,2,Male,26
11792,2,Female,26
11793,7,Female,23
11794,10,Male,28
11795,4,Female,18
11796,10,Male,27
11797,8,Male,24
11798,9,Male,23
11799,7,Female,26
11800,5,Female,24
11801,8,Female,29
11802,4,Male,28
11803,2,Male,29
11804,6,Male,30
11805,9,Female,21
11806,1,Male,24
11807,10,Male,19
11808,7,Female,23
11809,10,Male,23
11810,9,Male,19
11811,10,Female,21
11812,9,Female,25
11813,10,Male,25
11814,3,Female,30
11815,5,Male,25
11816,8,Female,25
11817,8,Male,18
11818,4,Female,19
11819,1,Male,29
11820,1,Female,21
11821,4,Female,29
11822,6,Female,26
11823,8,Female,20
11824,6,Female,23
11825,9,Female,24
11826,9,Female,25
11827,2,Male,30
11828,10,Male,24
11829,1,Female,20
11830,2,Female,23
11831,5,Male,22
11832,4,Male,30
11833,4,Female,29
11834,9,Male,27
11835,8,Male,21
11836,6,Female,18
11837,1,Female,30
11838,2,Female,24
11839,6,Male,25
11840,2,Female,19
11841,10,Female,24
11842,5,Male,23
11843,5,Female,22
11844,6,Male,30
11845,6,Male,21
11846,6,Male,19
11847,2,Male,27
11848,10,Male,23
11849,3,Male,22
11850,6,Female,19
11851,8,Female,27
11852,1,Female,24
11853,1,Male,23
11854,2,Female,29
11855,6,Male,28
11856,9,Female,26
11857,4,Male,28
11858,3,Female,27
11859,8,Male,22
11860,10,Female,26
11861,9,Male,26
11862,5,Female,30
11863,9,Male,18
11864,2,Female,22
11865,3,Female,26
11866,7,Female,24
11867,7,Male,23
11868,6,Male,23
11869,6,Male,28
11870,2,Male,24
11871,10,Male,18
11872,6,Female,21
11873,4,Male,30
11874,3,Female,18
11875,2,Female,23
11876,1,Male,30
11877,5,Female,21
11878,2,Male,18
11879,2,Male,26
11880,7,Male,29
11881,8,Female,21
11882,10,Male,29
11883,8,Male,23
11884,4,Male,30
11885,1,Female,24
11886,7,Male,25
11887,1,Female,29
11888,4,Female,30
11889,8,Male,28
11890,2,Female,26
11891,6,Female,26
11892,6,Male,25
11893,9,Male,27
11894,5,Male,28
11895,10,Female,29
11896,4,Male,29
11897,5,Female,20
11898,10,Female,29
11899,5,Female,19
11900,8,Female,22
11901,10,Female,18
11902,8,Male,20
11903,2,Male,18
11904,7,Female,30
11905,8,Female,20
11906,6,Male,30
11907,5,Male,21
11908,9,Female,24
11909,3,Female,29
11910,10,Male,29
11911,4,Male,22
11912,9,Female,22
11913,6,Male,30
11914,8,Male,18
11915,7,Female,25
11916,2,Female,30
11917,3,Female,21
11918,1,Male,27
11919,9,Female,22
11920,7,Male,19
11921,1,Female,29
11922,3,Female,30
11923,4,Male,18
11924,4,Male,26
11925,5,Female,19
11926,3,Female,23
11927,3,Male,18
11928,1,Female,18
11929,7,Male,26
11930,10,Male,21
11931,1,Female,26
11932,2,Male,28
11933,4,Male,22
11934,4,Male,24
11935,5,Female,18
11936,2,Male,23
11937,4,Female,25
11938,1,Female,18
11939,2,Female,26
11940,1,Male,20
11941,10,Male,18
11942,10,Female,18
11943,4,Female,30
11944,4,Male,28
11945,7,Female,23
11946,10,Female,28
11947,9,Male,23
11948,9,Female,18
11949,5,Male,20
11950,10,Male,24
11951,1,Female,27
11952,1,Male,20
11953,6,Male,20
11954,2,Male,20
11955,8,Female,29
11956,9,Female,24
11957,4,Female,21
11958,5,Male,21
11959,8,Male,20
11960,3,Female,27
11961,5,Female,28
11962,3,Male,26
11963,10,Female,19
11964,3,Female,21
11965,3,Female,25
11966,7,Female,23
11967,7,Female,24
11968,7,Male,30
11969,10,Female,24
11970,8,Female,19
11971,5,Male,21
11972,5,Male,27
11973,4,Male,27
11974,7,Male,23
11975,10,Female,20
11976,4,Female,26
11977,2,Female,30
11978,4,Female,21
11979,8,Male,27
11980,9,Male,30
11981,3,Female,19
11982,7,Female,23
11983,9,Female,18
11984,4,Female,23
11985,10,Male,30
11986,3,Female,29
11987,5,Male,27
11988,1,Male,18
11989,3,Male,25
11990,8,Male,22
11991,8,Female,23
11992,4,Female,19
11993,2,Female,19
11994,8,Female,29
11995,8,Male,26
11996,10,Male,20
11997,4,Male,23
11998,3,Female,27
11999,2,Male,22
12000,9,Male,29
12001,1,Male,21
12002,7,Male,27
12003,5,Female,19
12004,8,Male,25
12005,4,Male,27
12006,7,Female,24
12007,5,Female,28
12008,5,Female,19
12009,9,Male,23
12010,9,Male,25
12011,9,Male,24
12012,6,Male,18
12013,6,Female,22
12014,5,Male,19
12015,9,Male,23
12016,10,Female,24
12017,8,Female,24
12018,7,Female,20
12019,7,Male,24
12020,6,Male,22
12021,5,Male,25
12022,4,Male,29
12023,3,Male,25
12024,3,Female,24
12025,6,Female,23
12026,4,Male,19
12027,6,Male,23
12028,3,Male,30
12029,4,Male,29
12030,9,Male,28
12031,5,Female,26
12032,7,Female,19
12033,10,Female,18
12034,2,Male,28
12035,5,Male,30
12036,9,Female,22
12037,3,Female,28
12038,9,Male,23
12039,6,Female,20
12040,4,Female,25
12041,7,Male,24
12042,8,Female,19
12043,6,Female,29
12044,5,Female,24
12045,6,Male,18
12046,5,Female,26
12047,8,Female,30
12048,1,Female,24
12049,7,Male,23
12050,10,Male,30
12051,10,Female,19
12052,2,Male,20
12053,9,Female,18
12054,1,Male,27
12055,10,Male,30
12056,6,Female,22
12057,9,Female,26
12058,1,Female,30
12059,4,Male,23
12060,4,Female,22
12061,9,Male,29
12062,5,Male,20
12063,5,Female,22
12064,6,Male,25
12065,1,Female,29
12066,1,Male,19
12067,9,Female,22
12068,3,Male,23
12069,4,Male,27
12070,1,Female,25
12071,9,Male,25
12072,8,Female,22
12073,2,Male,26
12074,8,Male,21
12075,7,Male,29
12076,6,Female,26
12077,1,Female,28
12078,7,Female,24
12079,10,Female,23
12080,7,Female,21
12081,9,Male,19
12082,1,Male,25
12083,2,Female,23
12084,9,Male,29
12085,9,Male,20
12086,6,Male,24
12087,6,Male,27
12088,4,Female,24
12089,4,Male,23
12090,5,Female,19
12091,3,Female,25
12092,1,Male,18
12093,1,Female,30
12094,7,Male,18
12095,1,Male,23
12096,1,Male,22
12097,3,Female,26
12098,10,Female,30
12099,4,Female,29
12100,4,Male,24
12101,2,Male,19
12102,1,Male,30
12103,3,Female,29
12104,4,Male,24
12105,3,Male,20
12106,8,Female,18
12107,10,Female,28
12108,1,Female,25
12109,2,Male,29
12110,7,Male,20
12111,4,Male,28
12112,8,Female,25
12113,3,Female,24
12114,6,Female,29
12115,9,Female,19
12116,1,Male,30
12117,1,Male,18
12118,8,Male,24
12119,3,Male,30
12120,5,Male,18
12121,1,Male,23
12122,5,Male,30
12123,6,Male,28
12124,8,Female,27
12125,3,Female,28
12126,3,Male,27
12127,10,Female,25
12128,9,Male,24
12129,4,Male,21
12130,4,Female,18
12131,7,Male,18
12132,2,Male,21
12133,8,Male,22
12134,6,Male,29
12135,3,Male,24
12136,9,Male,21
12137,5,Male,27
12138,8,Female,29
12139,7,Female,18
12140,8,Male,28
12141,7,Female,27
12142,3,Male,24
12143,2,Male,19
12144,7,Male,30
12145,3,Male,28
12146,3,Female,19
12147,2,Female,25
12148,4,Female,29
12149,8,Female,27
12150,1,Male,27
12151,1,Female,27
12152,5,Male,22
12153,5,Male,27
12154,1,Female,19
12155,6,Male,22
12156,1,Female,25
12157,5,Female,23
12158,9,Female,20
12159,5,Female,25
12160,6,Female,26
12161,8,Male,22
12162,1,Female,30
12163,2,Female,19
12164,9,Male,19
12165,3,Female,24
12166,6,Female,18
12167,5,Male,27
12168,2,Male,29
12169,7,Female,19
12170,4,Male,27
12171,1,Female,21
12172,4,Male,18
12173,6,Female,21
12174,7,Female,30
12175,7,Female,29
12176,7,Male,28
12177,3,Female,30
12178,6,Male,27
12179,8,Female,22
12180,4,Female,26
12181,8,Female,18
12182,2,Female,29
12183,10,Female,22
12184,9,Male,19
12185,9,Male,26
12186,8,Male,23
12187,10,Female,19
12188,10,Female,20
12189,1,Male,25
12190,2,Female,18
12191,6,Female,29
12192,10,Female,20
12193,5,Male,30
12194,9,Male,27
12195,5,Male,18
12196,2,Male,28
12197,10,Male,28
12198,4,Female,25
12199,9,Female,18
12200,1,Female,30
12201,1,Female,22
12202,7,Male,21
12203,3,Male,24
12204,10,Female,22
12205,2,Male,25
12206,9,Female,29
12207,3,Female,28
12208,2,Female,18
12209,8,Female,22
12210,10,Male,21
12211,6,Female,20
12212,6,Male,22
12213,10,Female,27
12214,7,Female,20
12215,7,Female,25
12216,6,Female,30
12217,4,Male,20
12218,9,Female,18
12219,6,Male,26
12220,4,Female,26
12221,3,Female,23
12222,4,Female,27
12223,3,Male,18
12224,2,Female,25
12225,5,Female,19
12226,2,Female,26
12227,6,Female,25
12228,3,Female,20
12229,6,Male,30
12230,10,Male,22
12231,9,Female,26
12232,1,Female,30
12233,6,Male,18
12234,9,Female,26
12235,4,Male,21
12236,2,Female,21
12237,4,Female,21
12238,1,Male,27
12239,3,Female,29
12240,10,Male,26
12241,9,Male,23
12242,10,Male,28
12243,5,Female,25
12244,6,Male,29
12245,3,Male,21
12246,5,Female,20
12247,8,Female,18
12248,6,Female,27
12249,4,Female,24
12250,2,Female,21
12251,9,Female,25
12252,1,Male,20
12253,1,Female,18
12254,4,Male,22
12255,7,Female,19
12256,1,Male,20
12257,9,Male,23
12258,4,Female,20
12259,3,Female,20
12260,1,Male,29
12261,10,Female,23
12262,4,Female,22
12263,9,Male,27
12264,10,Male,26
12265,6,Male,18
12266,6,Female,30
12267,1,Female,20
12268,10,Female,20
12269,2,Female,28
12270,6,Male,23
12271,2,Female,25
12272,3,Male,20
12273,4,Female,20
12274,5,Female,23
12275,9,Male,25
12276,4,Female,23
12277,9,Female,30
12278,10,Male,29
12279,3,Female,27
12280,8,Male,20
12281,1,Male,21
12282,9,Male,18
12283,9,Male,30
12284,10,Female,25
12285,2,Female,21
12286,4,Female,23
12287,8,Male,28
12288,7,Female,20
12289,1,Female,28
12290,5,Female,29
12291,7,Female,28
12292,4,Male,23
12293,1,Male,29
12294,9,Female,28
12295,5,Male,26
12296,2,Female,26
12297,8,Female,27
12298,2,Female,20
12299,3,Male,20
12300,10,Female,21
12301,1,Male,29
12302,2,Male,24
12303,7,Female,20
12304,10,Male,27
12305,2,Male,25
12306,6,Female,28
12307,3,Male,25
12308,4,Male,23
12309,8,Female,21
12310,3,Female,28
12311,10,Male,29
12312,6,Female,28
12313,1,Female,22
12314,7,Male,29
12315,8,Male,19
12316,8,Female,30
12317,3,Male,23
12318,10,Female,20
12319,1,Female,23
12320,9,Male,29
12321,6,Male,22
12322,9,Female,19
12323,7,Female,29
12324,1,Female,30
12325,1,Female,22
12326,6,Male,22
12327,5,Female,26
12328,9,Male,28
12329,2,Male,25
12330,8,Female,29
12331,5,Male,29
12332,2,Male,24
12333,10,Female,29
12334,6,Male,30
12335,10,Male,20
12336,8,Female,27
12337,4,Female,21
12338,2,Female,23
12339,5,Female,20
12340,2,Female,28
12341,2,Female,26
12342,6,Female,25
12343,10,Male,23
12344,9,Male,21
12345,4,Female,24
12346,6,Male,30
12347,7,Male,28
12348,6,Female,20
12349,8,Male,27
12350,4,Female,25
12351,1,Male,18
12352,7,Female,20
12353,3,Male,28
12354,6,Male,22
12355,2,Male,22
12356,9,Female,27
12357,1,Male,19
12358,6,Male,27
12359,6,Female,25
12360,5,Female,22
12361,5,Male,24
12362,1,Male,24
12363,10,Male,22
12364,5,Male,25
12365,2,Female,26
12366,7,Male,21
12367,3,Male,21
12368,4,Female,25
12369,3,Male,18
12370,3,Male,21
12371,4,Male,23
12372,5,Female,30
12373,1,Female,21
12374,4,Male,23
12375,8,Male,22
12376,10,Female,26
12377,7,Male,27
12378,9,Male,26
12379,5,Female,21
12380,10,Female,30
12381,4,Female,21
12382,8,Male,29
12383,9,Male,25
12384,7,Male,27
12385,7,Male,21
12386,5,Female,19
12387,4,Male,30
12388,10,Male,30
12389,1,Female,19
12390,10,Female,18
12391,10,Male,22
12392,7,Female,23
12393,1,Female,26
12394,1,Male,22
12395,5,Male,30
12396,9,Male,23
12397,6,Male,23
12398,3,Female,20
12399,3,Female,29
12400,7,Male,21
12401,6,Male,18
12402,9,Female,21
12403,6,Male,18
12404,5,Male,22
12405,10,Male,28
12406,7,Male,28
12407,1,Female,25
12408,7,Male,25
12409,3,Female,22
12410,9,Male,27
12411,6,Male,19
12412,9,Female,29
12413,5,Male,23
12414,7,Female,18
12415,4,Male,24
12416,7,Male,28
12417,1,Male,21
12418,7,Male,22
12419,8,Male,23
12420,5,Female,28
12421,2,Female,18
12422,5,Male,26
12423,6,Male,27
12424,2,Female,21
12425,6,Female,25
12426,6,Male,22
12427,1,Male,28
12428,1,Female,25
12429,10,Male,18
12430,3,Female,25
12431,10,Male,28
12432,10,Female,30
12433,3,Female,28
12434,4,Male,21
12435,2,Female,19
12436,9,Male,28
12437,10,Male,23
12438,7,Male,19
12439,7,Male,22
12440,6,Female,19
12441,3,Male,20
12442,6,Male,28
12443,8,Male,23
12444,8,Male,18
12445,9,Female,23
12446,1,Male,20
12447,1,Female,24
12448,3,Female,19
12449,3,Female,23
12450,10,Male,25
12451,8,Male,18
12452,10,Male,28
12453,1,Male,28
12454,2,Female,30
12455,2,Female,26
12456,3,Male,22
12457,6,Male,22
12458,1,Male,30
12459,2,Male,29
12460,1,Male,22
12461,5,Male,23
12462,7,Male,19
12463,8,Female,23
12464,10,Female,28
12465,1,Female,21
12466,7,Female,25
12467,5,Male,30
12468,10,Male,28
12469,1,Male,26
12470,3,Male,26
12471,7,Male,25
12472,10,Female,20
12473,1,Male,27
12474,7,Female,28
12475,5,Male,28
12476,1,Female,21
12477,1,Male,18
12478,1,Female,26
12479,9,Male,22
12480,3,Male,23
12481,5,Male,20
12482,10,Male,28
12483,9,Female,27
12484,6,Male,25
12485,9,Female,24
12486,8,Male,18
12487,8,Female,27
12488,1,Male,29
12489,9,Male,22
12490,6,Female,27
12491,9,Male,26
12492,3,Male,29
12493,3,Female,28
12494,6,Male,29
12495,9,Female,23
12496,7,Male,25
12497,3,Female,27
12498,3,Female,18
12499,2,Female,27
12500,9,Female,28
12501,3,Male,24
12502,5,Male,20
12503,9,Female,26
12504,8,Male,23
12505,2,Male,22
12506,3,Male,25
12507,2,Female,25
12508,8,Male,29
12509,6,Male,29
12510,6,Female,20
12511,9,Male,19
12512,8,Female,19
12513,4,Female,22
12514,4,Female,27
12515,9,Male,29
12516,1,Male,24
12517,2,Female,25
12518,2,Female,27
12519,6,Female,25
12520,4,Female,30
12521,10,Female,29
12522,3,Female,25
12523,3,Male,27
12524,3,Female,29
12525,6,Female,28
12526,8,Female,20
12527,7,Male,28
12528,4,Male,19
12529,4,Male,30
12530,10,Male,21
12531,2,Female,18
12532,1,Male,20
12533,9,Female,28
12534,2,Female,26
12535,8,Female,24
12536,9,Female,24
12537,4,Female,18
12538,8,Female,24
12539,9,Male,27
12540,10,Male,24
12541,10,Male,21
12542,5,Male,24
12543,7,Male,25
12544,10,Female,20
12545,4,Male,30
12546,1,Male,27
12547,3,Male,19
12548,5,Female,24
12549,3,Female,22
12550,7,Female,22
12551,9,Male,22
12552,6,Male,24
12553,10,Male,26
12554,1,Male,28
12555,7,Male,25
12556,3,Female,23
12557,5,Male,24
12558,10,Female,26
12559,4,Male,28
12560,10,Female,23
12561,5,Female,18
12562,5,Female,21
12563,6,Female,25
12564,10,Male,24
12565,10,Male,20
12566,6,Male,27
12567,8,Female,20
12568,8,Male,28
12569,9,Male,20
12570,8,Male,29
12571,2,Male,18
12572,10,Female,27
12573,1,Female,18
12574,10,Male,23
12575,2,Male,18
12576,2,Male,22
12577,3,Female,21
12578,10,Female,22
12579,7,Female,24
12580,2,Male,23
12581,1,Female,29
12582,6,Female,26
12583,9,Female,23
12584,3,Female,26
12585,6,Female,21
12586,3,Male,18
12587,1,Male,18
12588,5,Male,27
12589,10,Male,24
12590,4,Female,30
12591,7,Male,30
12592,6,Male,30
12593,10,Male,20
12594,7,Female,19
12595,5,Male,23
12596,4,Female,23
12597,7,Female,30
12598,7,Female,24
12599,6,Male,22
12600,8,Female,25
12601,4,Male,24
12602,10,Male,19
12603,5,Male,18
12604,4,Female,30
12605,1,Female,26
12606,8,Male,22
12607,1,Female,29
12608,5,Female,28
12609,6,Female,22
12610,6,Male,29
12611,5,Female,27
12612,3,Female,21
12613,5,Male,19
12614,8,Female,22
12615,2,Male,19
12616,6,Female,29
12617,9,Female,24
12618,8,Female,28
12619,8,Female,26
12620,8,Female,26
12621,7,Female,28
12622,8,Male,23
12623,6,Female,18
12624,2,Female,30
12625,2,Female,23
12626,8,Male,22
12627,1,Male,21
12628,6,Male,29
12629,6,Female,23
12630,4,Female,23
12631,10,Male,23
12632,3,Male,19
12633,3,Male,24
12634,1,Female,21
12635,3,Male,30
12636,4,Female,29
12637,5,Female,26
12638,3,Female,27
12639,6,Male,19
12640,5,Female,22
12641,3,Male,21
12642,6,Male,26
12643,6,Male,21
12644,8,Male,25
12645,2,Female,25
12646,1,Female,23
12647,4,Female,23
12648,7,Female,28
12649,10,Male,25
12650,3,Male,29
12651,3,Male,30
12652,5,Male,29
12653,5,Female,27
12654,10,Male,26
12655,3,Female,22
12656,9,Male,28
12657,4,Male,18
12658,3,Male,18
12659,2,Male,19
12660,10,Female,27
12661,9,Female,27
12662,4,Female,22
12663,3,Female,21
12664,7,Male,18
12665,8,Male,21
12666,2,Female,21
12667,7,Female,27
12668,5,Male,21
12669,5,Male,18
12670,3,Female,26
12671,5,Female,20
12672,2,Female,30
12673,4,Male,21
12674,6,Female,22
12675,1,Female,30
12676,10,Female,30
12677,4,Female,24
12678,6,Female,23
12679,9,Male,22
12680,2,Female,25
12681,7,Male,18
12682,6,Female,24
12683,2,Female,29
12684,8,Female,23
12685,7,Male,28
12686,5,Male,22
12687,5,Male,24
12688,7,Female,20
12689,9,Female,18
12690,9,Male,26
12691,9,Male,19
12692,6,Female,30
12693,10,Male,27
12694,6,Female,20
12695,3,Male,25
12696,1,Male,29
12697,7,Male,27
12698,4,Female,26
12699,1,Female,30
12700,8,Male,20
12701,6,Female,23
12702,6,Female,24
12703,2,Female,18
12704,1,Female,24
12705,2,Male,21
12706,4,Female,22
12707,2,Female,25
12708,1,Male,21
12709,7,Female,21
12710,8,Female,25
12711,6,Female,22
12712,4,Male,30
12713,6,Male,23
12714,3,Female,29
12715,8,Female,28
12716,10,Male,22
12717,2,Male,18
12718,5,Male,24
12719,1,Female,23
12720,6,Female,19
12721,2,Male,28
12722,4,Female,24
12723,6,Female,23
12724,10,Female,22
12725,8,Female,25
12726,8,Female,22
12727,6,Female,28
12728,4,Female,19
12729,8,Male,23
12730,8,Male,29
12731,10,Male,18
12732,1,Male,22
12733,4,Male,23
12734,4,Male,24
12735,7,Male,19
12736,7,Male,18
12737,8,Male,23
12738,5,Female,20
12739,7,Female,22
12740,8,Male,29
12741,9,Female,28
12742,3,Female,30
12743,3,Male,19
12744,4,Male,18
12745,5,Male,18
12746,10,Female,30
12747,1,Female,28
12748,7,Male,21
12749,9,Female,27
12750,8,Female,30
12751,5,Female,19
12752,4,Male,18
12753,7,Female,23
12754,5,Female,21
12755,7,Female,27
12756,1,Female,30
12757,1,Female,29
12758,10,Female,24
12759,3,Female,28
12760,2,Male,23
12761,2,Male,22
12762,7,Female,27
12763,10,Male,29
12764,2,Female,30
12765,4,Female,29
12766,2,Female,29
12767,6,Male,29
12768,8,Female,19
12769,10,Female,22
12770,4,Male,26
12771,5,Male,26
12772,4,Female,19
12773,3,Male,24
12774,5,Male,27
12775,9,Female,21
12776,8,Female,30
12777,8,Female,30
12778,8,Male,20
12779,8,Male,28
12780,7,Male,18
12781,8,Female,20
12782,8,Male,28
12783,8,Male,26
12784,10,Female,26
12785,7,Female,24
12786,1,Female,20
12787,4,Male,30
12788,4,Female,20
12789,5,Male,21
12790,10,Male,24
12791,6,Female,24
12792,4,Female,29
12793,2,Female,29
12794,6,Female,19
12795,8,Female,29
12796,8,Male,22
12797,7,Male,24
12798,6,Male,24
12799,2,Female,23
12800,7,Male,27
12801,5,Female,27
12802,6,Female,29
12803,10,Male,25
12804,8,Male,20
12805,8,Female,18
12806,3,Male,20
12807,7,Female,28
12808,1,Male,19
12809,1,Male,19
12810,7,Male,19
12811,10,Male,22
12812,9,Male,30
12813,7,Female,18
12814,10,Male,27
12815,5,Male,21
12816,8,Male,27
12817,2,Female,22
12818,9,Female,19
12819,6,Female,22
12820,9,Female,27
12821,2,Female,21
12822,3,Male,25
12823,8,Male,18
12824,1,Male,29
12825,10,Female,22
12826,7,Female,28
12827,7,Male,29
12828,1,Female,27
12829,9,Female,18
12830,8,Female,27
12831,4,Male,27
12832,10,Male,21
12833,5,Female,25
12834,2,Female,18
12835,9,Female,28
12836,6,Female,19
12837,3,Male,18
12838,7,Female,28
12839,9,Male,24
12840,3,Male,19
12841,2,Male,18
12842,7,Female,29
12843,7,Male,23
12844,4,Male,23
12845,9,Female,27
12846,8,Female,19
12847,1,Female,18
12848,1,Male,27
12849,5,Female,20
12850,6,Male,27
12851,3,Male,22
12852,9,Female,23
12853,10,Male,20
12854,6,Male,26
12855,4,Male,28
12856,7,Male,22
12857,8,Female,30
12858,9,Male,19
12859,6,Female,27
12860,6,Male,23
12861,8,Male,29
12862,5,Female,25
12863,3,Male,28
12864,3,Male,23
12865,6,Male,21
12866,2,Male,23
12867,6,Male,25
12868,6,Male,25
12869,8,Female,30
12870,7,Female,27
12871,8,Female,19
12872,9,Male,25
12873,6,Male,23
12874,3,Male,19
12875,10,Female,18
12876,3,Male,23
12877,1,Female,30
12878,5,Male,24
12879,4,Male,27
12880,9,Male,22
12881,9,Female,27
12882,5,Male,25
12883,10,Female,28
12884,4,Male,30
12885,7,Male,29
12886,6,Female,26
12887,4,Male,21
12888,10,Male,24
12889,2,Male,25
12890,1,Male,30
12891,4,Female,23
12892,4,Female,19
12893,1,Male,24
12894,6,Male,30
12895,4,Female,26
12896,1,Male,22
12897,1,Female,19
12898,1,Male,21
12899,8,Female,20
12900,10,Female,21
12901,8,Female,27
12902,2,Female,24
12903,7,Male,27
12904,8,Male,25
12905,8,Female,18
12906,10,Female,30
12907,7,Female,25
12908,5,Female,22
12909,1,Male,29
12910,9,Female,24
12911,7,Female,28
12912,2,Female,28
12913,6,Female,18
12914,2,Female,19
12915,1,Female,18
12916,7,Female,22
12917,2,Male,23
12918,2,Female,27
12919,5,Female,26
12920,5,Female,25
12921,7,Male,24
12922,1,Male,29
12923,8,Male,22
12924,3,Female,20
12925,4,Female,26
12926,9,Female,30
12927,4,Male,22
12928,10,Female,20
12929,5,Male,20
12930,7,Male,20
12931,4,Male,23
12932,1,Male,18
12933,9,Male,28
12934,4,Female,21
12935,9,Female,30
12936,6,Male,25
12937,1,Female,20
12938,3,Female,22
12939,2,Male,19
12940,9,Male,19
12941,1,Female,28
12942,9,Female,30
12943,9,Female,24
12944,8,Female,27
12945,8,Male,20
12946,1,Female,22
12947,8,Male,20
12948,10,Male,23
12949,3,Female,30
12950,7,Female,27
12951,1,Female,20
12952,1,Male,25
12953,10,Male,19
12954,5,Male,20
12955,5,Male,25
12956,8,Female,25
12957,7,Male,18
12958,8,Male,25
12959,6,Female,27
12960,6,Male,19
12961,2,Male,29
12962,6,Female,24
12963,5,Male,23
12964,3,Male,19
12965,6,Male,22
12966,8,Male,24
12967,9,Female,25
12968,1,Male,20
12969,3,Female,18
12970,3,Male,30
12971,8,Female,24
12972,1,Female,30
12973,5,Female,22
12974,3,Male,22
12975,2,Male,24
12976,8,Male,18
12977,3,Female,25
12978,7,Male,29
12979,1,Male,27
12980,6,Male,22
12981,3,Male,25
12982,8,Female,27
12983,6,Female,27
12984,2,Male,22
12985,6,Male,29
12986,7,Male,24
12987,5,Female,27
12988,3,Male,20
12989,4,Female,19
12990,4,Female,23
12991,6,Male,22
12992,10,Male,26
12993,1,Male,27
12994,4,Female,21
12995,10,Female,28
12996,4,Male,20
12997,10,Female,26
12998,1,Male,25
12999,9,Male,23
13000,4,Female,18
13001,7,Female,27
13002,3,Female,30
13003,10,Female,29
13004,3,Male,28
13005,8,Male,18
13006,8,Male,29
13007,1,Female,23
13008,10,Male,30
13009,2,Female,20
13010,8,Female,20
13011,1,Female,23
13012,8,Male,30
13013,8,Female,20
13014,2,Female,30
13015,4,Female,28
13016,6,Female,27
13017,9,Female,23
13018,8,Female,22
13019,8,Female,21
13020,7,Female,25
13021,9,Female,19
13022,2,Female,29
13023,3,Female,28
13024,10,Female,24
13025,8,Male,21
13026,6,Male,19
13027,10,Female,24
13028,9,Female,30
13029,10,Female,18
13030,4,Male,21
13031,8,Male,26
13032,10,Male,21
13033,3,Female,29
13034,3,Female,30
13035,8,Female,20
13036,5,Female,27
13037,3,Male,27
13038,10,Female,19
13039,1,Male,20
13040,3,Male,18
13041,9,Female,27
13042,5,Male,25
13043,10,Male,18
13044,2,Male,20
13045,7,Male,20
13046,2,Female,30
13047,4,Female,19
13048,7,Male,22
13049,4,Female,27
13050,7,Male,20
13051,7,Female,20
13052,1,Female,25
13053,6,Female,21
13054,9,Female,21
13055,2,Female,20
13056,3,Male,28
13057,10,Female,18
13058,5,Male,25
13059,9,Male,18
13060,4,Female,24
13061,1,Male,22
13062,4,Female,21
13063,6,Male,21
13064,5,Male,25
13065,1,Female,28
13066,4,Female,28
13067,6,Female,30
13068,10,Female,23
13069,10,Male,29
13070,4,Female,18
13071,9,Male,27
13072,5,Male,25
13073,8,Male,30
13074,9,Male,19
13075,10,Male,23
13076,5,Male,26
13077,6,Female,18
13078,1,Male,23
13079,7,Male,25
13080,4,Male,27
13081,2,Female,30
13082,5,Female,19
13083,3,Male,22
13084,6,Female,23
13085,8,Male,22
13086,7,Female,20
13087,3,Male,21
13088,8,Female,24
13089,2,Female,21
13090,10,Female,26
13091,9,Male,28
13092,4,Male,29
13093,1,Male,30
13094,8,Female,30
13095,7,Female,27
13096,5,Male,19
13097,10,Female,22
13098,5,Male,25
13099,7,Male,22
13100,5,Male,27
13101,8,Male,29
13102,6,Female,25
13103,5,Female,25
13104,9,Female,26
13105,2,Male,27
13106,1,Female,23
13107,8,Male,29
13108,3,Male,21
13109,7,Male,29
13110,10,Male,28
13111,8,Male,20
13112,6,Male,29
13113,10,Female,22
13114,9,Female,23
13115,7,Female,20
13116,10,Female,19
13117,5,Male,24
13118,8,Male,28
13119,2,Female,22
13120,7,Female,26
13121,4,Female,20
13122,9,Female,25
13123,1,Female,23
13124,7,Female,21
13125,6,Female,29
13126,8,Female,29
13127,5,Male,26
13128,1,Male,22
13129,1,Male,27
13130,9,Male,23
13131,10,Female,30
13132,6,Male,26
13133,10,Female,24
13134,5,Male,29
13135,1,Female,22
13136,6,Female,19
13137,6,Male,21
13138,3,Male,19
13139,8,Female,20
13140,1,Female,27
13141,1,Female,29
13142,6,Male,20
13143,10,Male,21
13144,1,Female,23
13145,6,Male,29
13146,1,Female,20
13147,6,Male,27
13148,3,Male,18
13149,8,Male,18
13150,6,Male,26
13151,1,Male,26
13152,5,Female,22
13153,8,Female,26
13154,3,Male,28
13155,6,Female,24
13156,5,Female,26
13157,6,Male,29
13158,10,Female,24
13159,1,Male,26
13160,7,Female,19
13161,9,Female,28
13162,2,Female,28
13163,10,Female,25
13164,5,Female,24
13165,10,Female,23
13166,4,Female,22
13167,6,Male,21
13168,6,Male,24
13169,2,Male,20
13170,2,Male,25
13171,4,Female,19
13172,1,Female,18
13173,9,Female,28
13174,7,Male,19
13175,7,Male,26
13176,3,Male,22
13177,3,Female,28
13178,1,Male,25
13179,3,Female,20
13180,3,Male,24
13181,4,Female,19
13182,4,Male,25
13183,3,Female,24
13184,10,Male,29
13185,8,Male,22
13186,8,Female,29
13187,1,Female,28
13188,7,Male,21
13189,2,Female,18
13190,1,Male,22
13191,3,Female,29
13192,4,Male,26
13193,6,Female,27
13194,10,Male,21
13195,5,Male,30
13196,4,Male,26
13197,8,Female,29
13198,4,Male,19
13199,10,Female,21
13200,2,Female,26
13201,3,Female,21
13202,6,Male,22
13203,8,Female,28
13204,8,Female,25
13205,9,Female,18
13206,7,Male,18
13207,2,Female,26
13208,8,Female,26
13209,7,Female,21
13210,8,Female,30
13211,3,Male,19
13212,7,Male,30
13213,10,Female,26
13214,9,Female,21
13215,3,Female,23
13216,10,Female,29
13217,6,Male,18
13218,2,Male,29
13219,2,Male,26
13220,5,Male,22
13221,5,Female,20
13222,7,Female,21
13223,2,Male,18
13224,7,Male,26
13225,5,Female,25
13226,6,Female,21
13227,8,Female,19
13228,10,Female,26
13229,4,Female,21
13230,7,Male,26
13231,6,Male,27
13232,10,Female,20
13233,2,Female,24
13234,8,Male,24
13235,10,Female,27
13236,9,Male,30
13237,5,Male,21
13238,10,Male,19
13239,4,Male,28
13240,6,Female,26
13241,8,Female,21
13242,3,Male,25
13243,10,Female,19
13244,1,Female,25
13245,4,Female,28
13246,4,Female,27
13247,1,Male,22
13248,9,Female,24
13249,3,Male,24
13250,5,Male,29
13251,6,Female,26
13252,8,Male,20
13253,6,Female,27
13254,3,Female,21
13255,6,Male,27
13256,1,Female,21
13257,4,Male,30
13258,6,Male,27
13259,7,Female,22
13260,10,Female,23
13261,3,Female,20
13262,9,Male,30
13263,7,Female,21
13264,1,Male,20
13265,2,Male,19
13266,1,Female,27
13267,9,Female,29
13268,9,Female,26
13269,7,Male,18
13270,10,Female,19
13271,3,Male,25
13272,5,Female,24
13273,4,Female,29
13274,7,Male,18
13275,9,Male,22
13276,2,Female,27
13277,8,Female,23
13278,9,Female,22
13279,10,Female,21
13280,10,Female,30
13281,9,Male,18
13282,10,Male,24
13283,7,Male,26
13284,9,Male,23
13285,9,Female,20
13286,3,Male,27
13287,4,Male,21
13288,2,Male,27
13289,10,Female,22
13290,3,Male,29
13291,5,Female,29
13292,5,Male,18
13293,6,Female,22
13294,7,Male,18
13295,7,Female,26
13296,1,Male,24
13297,2,Female,20
13298,9,Female,26
13299,10,Male,19
13300,2,Female,29
13301,6,Female,24
13302,1,Male,26
13303,3,Male,23
13304,2,Female,27
13305,3,Male,22
13306,5,Male,29
13307,10,Male,24
13308,6,Female,23
13309,9,Female,22
13310,10,Female,19
13311,4,Female,25
13312,7,Female,30
13313,6,Female,24
13314,2,Female,23
13315,10,Male,22
13316,8,Female,22
13317,7,Female,26
13318,7,Male,18
13319,8,Male,26
13320,1,Male,23
13321,1,Female,21
13322,8,Male,27
13323,4,Female,24
13324,5,Female,26
13325,8,Female,22
13326,5,Male,22
13327,10,Male,25
13328,4,Female,24
13329,6,Female,30
13330,5,Female,30
13331,7,Male,25
13332,10,Female,28
13333,7,Male,29
13334,4,Female,27
13335,5,Male,19
13336,3,Female,26
13337,4,Male,20
13338,4,Male,23
13339,3,Male,23
13340,10,Male,19
13341,5,Male,29
13342,5,Male,30
13343,7,Female,24
13344,4,Female,26
13345,4,Female,29
13346,9,Female,27
13347,6,Male,28
13348,4,Female,18
13349,2,Male,25
13350,6,Male,19
13351,2,Male,18
13352,5,Female,25
13353,6,Male,19
13354,4,Female,23
13355,3,Female,23
13356,7,Female,22
13357,2,Female,25
13358,6,Female,20
13359,4,Male,30
13360,6,Male,27
13361,4,Female,21
13362,4,Male,24
13363,4,Female,24
13364,9,Male,30
13365,7,Male,29
13366,3,Male,25
13367,3,Male,19
13368,6,Male,28
13369,6,Male,29
13370,4,Male,19
13371,9,Male,21
13372,4,Male,30
13373,9,Male,27
13374,4,Male,30
13375,2,Male,26
13376,2,Male,27
13377,5,Female,29
13378,4,Male,26
13379,7,Male,30
13380,5,Male,30
13381,6,Male,21
13382,10,Male,26
13383,4,Male,20
13384,2,Female,29
13385,10,Female,22
13386,9,Female,27
13387,10,Male,26
13388,7,Male,23
13389,4,Male,20
13390,3,Female,27
13391,10,Male,26
13392,3,Male,23
13393,9,Female,21
13394,5,Female,21
13395,3,Male,25
13396,5,Male,24
13397,2,Male,18
13398,4,Male,23
13399,10,Female,25
13400,2,Male,20
13401,2,Male,26
13402,8,Female,27
13403,1,Male,19
13404,7,Male,23
13405,5,Female,29
13406,8,Female,18
13407,1,Male,29
13408,7,Female,28
13409,5,Female,19
13410,4,Male,30
13411,7,Female,22
13412,10,Male,18
13413,2,Male,25
13414,1,Male,18
13415,1,Male,30
13416,1,Female,26
13417,5,Male,27
13418,10,Male,28
13419,7,Male,20
13420,2,Male,29
13421,10,Female,19
13422,8,Female,18
13423,4,Female,26
13424,3,Male,21
13425,10,Female,29
13426,8,Female,18
13427,2,Male,18
13428,3,Female,24
13429,3,Male,19
13430,10,Female,24
13431,1,Female,29
13432,6,Female,24
13433,2,Female,27
13434,1,Male,26
13435,2,Male,30
13436,6,Female,24
13437,4,Male,30
13438,6,Female,18
13439,9,Female,29
13440,10,Female,30
13441,10,Female,25
13442,8,Female,25
13443,1,Female,21
13444,8,Male,30
13445,9,Male,25
13446,6,Female,21
13447,10,Male,25
13448,5,Female,22
13449,6,Male,21
13450,6,Male,23
13451,9,Male,19
13452,4,Female,29
13453,2,Male,19
13454,9,Female,19
13455,2,Female,26
13456,10,Female,27
13457,9,Male,20
13458,2,Male,27
13459,8,Male,21
13460,9,Female,27
13461,10,Female,29
13462,9,Male,25
13463,10,Female,21
13464,9,Male,28
13465,2,Male,27
13466,4,Male,27
13467,7,Male,30
13468,2,Female,24
13469,1,Male,22
13470,3,Male,26
13471,4,Male,21
13472,8,Male,20
13473,6,Male,30
13474,2,Male,19
13475,9,Male,18
13476,2,Female,28
13477,5,Female,23
13478,4,Female,27
13479,7,Female,19
13480,8,Male,25
13481,5,Female,23
13482,10,Female,29
13483,5,Female,29
13484,2,Male,22
13485,8,Female,30
13486,2,Female,19
13487,10,Male,24
13488,6,Female,19
13489,8,Male,30
13490,6,Female,22
13491,4,Male,19
13492,4,Female,28
13493,6,Female,27
13494,4,Female,28
13495,8,Male,28
13496,9,Female,19
13497,1,Male,24
13498,4,Male,26
13499,4,Male,22
13500,2,Male,24
13501,6,Female,21
13502,3,Female,19
13503,7,Female,20
13504,5,Male,19
13505,4,Female,22
13506,5,Male,23
13507,8,Male,24
13508,3,Male,20
13509,7,Female,21
13510,6,Female,25
13511,1,Male,21
13512,7,Female,24
13513,7,Female,29
13514,1,Male,23
13515,9,Male,24
13516,6,Female,18
13517,2,Male,20
13518,5,Male,23
13519,4,Female,20
13520,7,Female,24
13521,8,Male,26
13522,1,Female,20
13523,5,Male,18
13524,3,Male,27
13525,1,Female,30
13526,3,Male,23
13527,6,Male,29
13528,7,Male,18
13529,8,Female,18
13530,4,Female,25
13531,3,Female,26
13532,5,Male,19
13533,9,Male,26
13534,6,Female,22
13535,9,Female,30
13536,6,Female,25
13537,2,Male,24
13538,5,Female,24
13539,9,Male,21
13540,8,Female,19
13541,7,Male,22
13542,1,Male,28
13543,4,Female,28
13544,7,Male,20
13545,7,Female,26
13546,6,Male,23
13547,8,Male,18
13548,6,Female,20
13549,10,Male,29
13550,3,Female,21
13551,4,Female,26
13552,3,Female,28
13553,1,Male,23
13554,10,Male,21
13555,5,Male,18
13556,1,Female,25
13557,1,Female,28
13558,2,Male,19
13559,4,Male,28
13560,6,Female,28
13561,8,Male,25
13562,3,Female,23
13563,1,Male,25
13564,3,Female,23
13565,3,Male,22
13566,5,Male,22
13567,4,Female,27
13568,4,Female,27
13569,9,Female,28
13570,7,Male,25
13571,4,Female,24
13572,3,Female,25
13573,6,Male,29
13574,3,Female,25
13575,6,Female,24
13576,9,Female,19
13577,6,Male,28
13578,4,Male,26
13579,5,Male,30
13580,6,Female,24
13581,3,Male,29
13582,8,Female,28
13583,4,Female,23
13584,8,Female,26
13585,10,Male,30
13586,10,Male,18
13587,3,Female,28
13588,10,Female,19
13589,7,Male,30
13590,9,Male,18
13591,4,Male,27
13592,8,Female,29
13593,3,Male,20
13594,7,Male,28
13595,3,Male,22
13596,7,Female,18
13597,10,Male,21
13598,10,Female,30
13599,6,Female,25
13600,2,Female,23
13601,3,Male,30
13602,6,Male,18
13603,4,Male,29
13604,6,Female,18
13605,1,Male,20
13606,10,Female,27
13607,1,Male,25
13608,3,Male,28
13609,8,Male,28
13610,8,Male,25
13611,4,Female,30
13612,6,Female,20
13613,8,Female,24
13614,7,Female,29
13615,7,Male,20
13616,4,Female,21
13617,9,Female,26
13618,10,Female,30
13619,6,Male,21
13620,3,Female,20
13621,5,Female,22
13622,5,Male,24
13623,5,Male,22
13624,8,Female,21
13625,9,Female,25
13626,9,Male,21
13627,6,Female,19
13628,6,Male,27
13629,9,Female,30
13630,4,Female,23
13631,6,Female,19
13632,4,Female,20
13633,1,Female,18
13634,7,Male,22
13635,10,Male,26
13636,6,Female,19
13637,9,Female,29
13638,7,Female,24
13639,7,Male,22
13640,2,Male,19
13641,9,Male,25
13642,10,Male,28
13643,9,Male,30
13644,6,Male,30
13645,3,Male,23
13646,1,Male,21
13647,4,Female,30
13648,3,Male,21
13649,1,Male,19
13650,3,Male,20
13651,4,Male,24
13652,8,Female,20
13653,9,Male,30
13654,3,Female,22
13655,6,Female,27
13656,10,Female,23
13657,5,Male,23
13658,6,Male,21
13659,4,Male,23
13660,10,Female,20
13661,6,Female,24
13662,7,Female,24
13663,9,Female,21
13664,10,Male,19
13665,7,Male,28
13666,6,Male,24
13667,1,Female,20
13668,2,Female,18
13669,1,Male,19
13670,9,Male,27
13671,10,Female,26
13672,10,Male,29
13673,9,Male,25
13674,7,Female,23
13675,2,Female,23
13676,6,Female,18
13677,4,Male,19
13678,1,Female,21
13679,1,Male,20
13680,5,Male,18
13681,2,Female,25
13682,4,Male,24
13683,1,Female,21
13684,4,Female,29
13685,6,Male,29
13686,10,Male,26
13687,4,Female,28
13688,1,Female,21
13689,7,Female,18
13690,2,Female,27
13691,9,Female,18
13692,3,Female,18
13693,8,Male,18
13694,8,Male,21
13695,3,Male,18
13696,4,Male,19
13697,2,Female,21
13698,4,Male,24
13699,9,Male,19
13700,2,Female,25
13701,3,Male,30
13702,4,Female,24
13703,5,Female,26
13704,1,Female,23
13705,7,Female,21
13706,10,Female,23
13707,7,Male,21
13708,9,Male,24
13709,4,Male,26
13710,6,Female,20
13711,2,Male,20
13712,4,Male,19
13713,2,Male,18
13714,10,Male,18
13715,5,Female,30
13716,7,Male,20
13717,1,Female,24
13718,10,Female,28
13719,10,Male,26
13720,7,Female,19
13721,10,Female,24
13722,6,Female,18
13723,6,Female,19
13724,8,Female,23
13725,8,Female,28
13726,6,Female,22
13727,3,Male,25
13728,5,Male,29
13729,2,Female,28
13730,5,Female,19
13731,9,Male,18
13732,10,Male,24
13733,1,Male,23
13734,10,Male,25
13735,5,Female,28
13736,6,Female,30
13737,7,Male,25
13738,9,Male,19
13739,6,Male,25
13740,5,Male,23
13741,7,Female,26
13742,1,Male,29
13743,5,Male,24
13744,2,Male,19
13745,4,Female,25
13746,7,Female,26
13747,5,Female,24
13748,6,Male,21
13749,2,Male,26
13750,3,Male,21
13751,7,Female,29
13752,2,Female,21
13753,6,Male,26
13754,5,Male,25
13755,10,Female,21
13756,1,Male,25
13757,10,Male,25
13758,4,Male,24
13759,2,Female,27
13760,4,Male,30
13761,1,Male,23
13762,2,Male,25
13763,8,Male,24
13764,6,Female,22
13765,2,Female,29
13766,6,Female,30
13767,10,Male,30
13768,9,Female,21
13769,7,Male,29
13770,9,Female,19
13771,5,Male,28
13772,7,Female,25
13773,7,Female,26
13774,3,Female,21
13775,7,Male,21
13776,1,Male,22
13777,9,Male,19
13778,10,Female,24
13779,6,Male,22
13780,5,Male,23
13781,7,Male,21
13782,5,Male,25
13783,10,Male,25
13784,5,Male,29
13785,10,Female,22
13786,7,Female,29
13787,10,Male,23
13788,7,Female,20
13789,3,Female,18
13790,3,Male,26
13791,10,Male,26
13792,3,Female,20
13793,6,Male,21
13794,6,Female,30
13795,3,Female,24
13796,3,Female,19
13797,8,Male,29
13798,8,Female,20
13799,7,Male,23
13800,10,Male,28
13801,4,Male,25
13802,4,Male,18
13803,3,Male,21
13804,5,Female,18
13805,3,Male,19
13806,8,Male,25
13807,7,Male,23
13808,3,Male,26
13809,9,Male,19
13810,5,Female,20
13811,9,Male,26
13812,7,Male,26
13813,7,Female,30
13814,6,Male,23
13815,2,Female,20
13816,9,Female,22
13817,6,Female,19
13818,8,Female,24
13819,1,Male,27
13820,5,Male,28
13821,1,Female,25
13822,10,Female,23
13823,8,Male,25
13824,8,Female,19
13825,1,Female,20
13826,9,Female,24
13827,2,Male,27
13828,9,Female,29
13829,1,Male,18
13830,10,Male,24
13831,9,Male,23
13832,4,Female,25
13833,9,Female,24
13834,7,Male,21
13835,6,Male,20
13836,5,Male,20
13837,9,Female,21
13838,2,Female,26
13839,2,Male,26
13840,9,Male,30
13841,3,Female,19
13842,8,Male,22
13843,9,Female,18
13844,8,Female,21
13845,4,Male,19
13846,1,Male,25
13847,4,Female,21
13848,9,Female,22
13849,2,Female,28
13850,3,Female,21
13851,10,Female,22
13852,8,Male,22
13853,6,Female,22
13854,8,Female,28
13855,7,Female,20
13856,5,Male,24
13857,9,Male,20
13858,4,Female,19
13859,6,Female,20
13860,2,Male,28
13861,2,Male,20
13862,2,Male,25
13863,10,Male,21
13864,7,Female,20
13865,2,Male,27
13866,2,Female,22
13867,9,Female,21
13868,7,Male,26
13869,3,Male,25
13870,3,Male,28
13871,7,Male,24
13872,5,Female,25
13873,10,Female,30
13874,6,Female,22
13875,8,Male,21
13876,9,Female,24
13877,1,Male,18
13878,3,Female,23
13879,7,Male,25
13880,6,Female,24
13881,7,Female,19
13882,8,Male,30
13883,6,Female,24
13884,3,Female,30
13885,2,Male,23
13886,7,Male,30
13887,1,Male,22
13888,3,Male,21
13889,4,Male,18
13890,1,Female,30
13891,5,Male,19
13892,10,Female,24
13893,3,Female,27
13894,2,Male,20
13895,3,Female,22
13896,8,Female,25
13897,6,Male,30
13898,7,Female,30
13899,6,Male,25
13900,6,Male,23
13901,3,Male,22
13902,8,Female,30
13903,7,Female,19
13904,7,Female,26
13905,6,Female,18
13906,5,Male,28
13907,10,Female,19
13908,8,Male,30
13909,5,Female,18
13910,9,Female,29
13911,9,Female,21
13912,1,Female,21
13913,6,Female,22
13914,7,Male,22
13915,3,Female,25
13916,7,Female,28
13917,7,Female,28
13918,2,Female,20
13919,7,Male,23
13920,1,Female,29
13921,5,Male,30
13922,9,Female,29
13923,7,Male,20
13924,7,Male,30
13925,2,Male,19
13926,8,Male,25
13927,3,Male,18
13928,8,Female,26
13929,3,Male,28
13930,10,Female,24
13931,7,Male,29
13932,2,Male,27
13933,4,Female,30
13934,6,Male,29
13935,9,Male,28
13936,5,Male,21
13937,9,Male,20
13938,5,Female,23
13939,10,Male,26
13940,8,Male,26
13941,1,Female,21
13942,7,Female,27
13943,4,Male,22
13944,5,Male,28
13945,6,Female,30
13946,5,Male,26
13947,1,Female,19
13948,9,Male,19
13949,2,Female,22
13950,9,Female,18
13951,10,Female,25
13952,2,Male,22
13953,9,Male,29
13954,6,Male,27
13955,9,Male,19
13956,6,Female,29
13957,6,Female,26
13958,2,Female,19
13959,8,Male,24
13960,3,Male,25
13961,7,Male,23
13962,5,Female,28
13963,3,Male,24
13964,1,Male,28
13965,8,Female,18
13966,3,Female,21
13967,2,Male,30
13968,1,Female,24
13969,4,Male,18
13970,8,Female,30
13971,3,Female,18
13972,1,Female,28
13973,4,Male,23
13974,9,Male,21
13975,1,Male,20
13976,2,Female,29
13977,9,Female,22
13978,2,Female,26
13979,3,Female,27
13980,7,Male,27
13981,3,Male,29
13982,9,Male,29
13983,6,Female,28
13984,3,Female,27
13985,9,Male,20
13986,1,Female,22
13987,10,Male,27
13988,3,Female,22
13989,1,Female,26
13990,2,Male,28
13991,8,Male,29
13992,7,Female,27
13993,2,Male,28
13994,2,Male,21
13995,9,Female,18
13996,6,Female,27
13997,5,Female,22
13998,10,Male,18
13999,6,Female,23
14000,9,Female,29
14001,7,Female,27
14002,10,Female,27
14003,10,Female,24
14004,9,Male,18
14005,4,Female,27
14006,2,Female,21
14007,8,Male,26
14008,4,Female,30
14009,9,Female,18
14010,4,Male,26
14011,8,Female,25
14012,9,Male,22
14013,9,Female,23
14014,10,Male,24
14015,4,Male,21
14016,1,Female,23
14017,3,Male,24
14018,9,Male,28
14019,4,Female,23
14020,5,Female,28
14021,7,Male,30
14022,5,Female,29
14023,4,Male,23
14024,2,Male,19
14025,2,Female,22
14026,4,Female,20
14027,10,Male,24
14028,10,Female,21
14029,9,Female,18
14030,8,Male,29
14031,3,Male,29
14032,9,Male,23
14033,5,Male,23
14034,3,Male,24
14035,5,Male,28
14036,10,Female,25
14037,4,Male,20
14038,8,Female,23
14039,5,Female,27
14040,10,Male,19
14041,8,Female,30
14042,9,Male,26
14043,4,Female,19
14044,7,Male,20
14045,2,Male,29
14046,6,Male,30
14047,8,Male,27
14048,7,Female,29
14049,7,Female,29
14050,8,Female,19
14051,7,Female,26
14052,5,Female,18
14053,7,Male,22
14054,10,Male,18
14055,3,Male,22
14056,5,Male,25
14057,7,Male,25
14058,9,Female,28
14059,2,Male,25
14060,4,Male,19
14061,7,Female,25
14062,1,Female,29
14063,2,Male,22
14064,9,Male,18
14065,10,Female,24
14066,7,Male,30
14067,10,Male,23
14068,7,Male,22
14069,6,Female,18
14070,3,Male,18
14071,10,Male,23
14072,3,Female,27
14073,2,Female,29
14074,6,Female,24
14075,4,Male,27
14076,5,Female,27
14077,3,Male,18
14078,6,Female,26
14079,3,Male,21
14080,8,Female,22
14081,9,Male,19
14082,4,Male,29
14083,9,Female,27
14084,7,Female,30
14085,3,Male,25
14086,7,Female,19
14087,1,Male,20
14088,3,Female,29
14089,6,Female,26
14090,4,Male,19
14091,7,Female,23
14092,3,Female,29
14093,1,Male,21
14094,9,Male,24
14095,6,Female,23
14096,8,Male,27
14097,3,Female,26
14098,8,Female,26
14099,2,Male,27
14100,4,Male,21
14101,3,Male,18
14102,10,Male,19
14103,1,Male,25
14104,7,Male,27
14105,10,Female,25
14106,2,Female,19
14107,4,Male,21
14108,9,Female,18
14109,6,Female,24
14110,8,Female,21
14111,2,Female,28
14112,7,Male,25
14113,6,Female,26
14114,9,Female,29
14115,7,Male,26
14116,1,Male,20
14117,8,Male,22
14118,10,Male,23
14119,3,Female,23
14120,2,Male,27
14121,3,Female,25
14122,6,Female,23
14123,3,Male,23
14124,10,Male,21
14125,5,Male,24
14126,6,Male,25
14127,8,Male,20
14128,7,Male,24
14129,8,Female,20
14130,3,Female,25
14131,4,Female,18
14132,6,Female,18
14133,7,Male,23
14134,9,Male,27
14135,1,Female,26
14136,8,Female,29
14137,8,Female,21
14138,6,Male,23
14139,4,Male,29
14140,3,Male,22
14141,3,Female,29
14142,6,Female,18
14143,8,Male,23
14144,7,Male,26
14145,1,Female,29
14146,6,Female,20
14147,7,Male,28
14148,7,Female,20
14149,9,Male,19
14150,10,Male,30
14151,5,Female,21
14152,1,Female,27
14153,2,Female,20
14154,4,Male,29
14155,5,Female,19
14156,9,Female,18
14157,1,Male,20
14158,3,Male,27
14159,5,Female,23
14160,3,Male,26
14161,4,Male,28
14162,3,Male,22
14163,4,Female,20
14164,1,Female,22
14165,8,Male,22
14166,4,Male,22
14167,7,Male,29
14168,2,Female,29
14169,2,Male,24
14170,6,Male,22
14171,2,Female,24
14172,6,Male,26
14173,2,Female,22
14174,4,Female,19
14175,7,Female,22
14176,8,Male,25
14177,3,Male,29
14178,9,Female,21
14179,2,Male,19
14180,8,Female,27
14181,8,Male,20
14182,4,Female,26
14183,1,Female,26
14184,1,Male,25
14185,2,Male,25
14186,9,Male,25
14187,2,Male,25
14188,2,Female,25
14189,6,Female,18
14190,7,Male,23
14191,7,Male,29
14192,9,Female,26
14193,6,Male,25
14194,8,Male,20
14195,6,Male,28
14196,2,Male,18
14197,1,Female,19
14198,5,Female,28
14199,9,Male,19
14200,8,Female,24
14201,4,Male,29
14202,5,Male,23
14203,5,Male,28
14204,6,Female,19
14205,3,Female,25
14206,5,Female,26
14207,2,Female,24
14208,10,Female,21
14209,1,Male,30
14210,1,Male,30
14211,10,Female,18
14212,7,Female,21
14213,2,Female,21
14214,4,Male,25
14215,5,Female,21
14216,7,Male,21
14217,2,Male,30
14218,6,Female,19
14219,1,Male,29
14220,7,Male,27
14221,9,Female,24
14222,5,Male,21
14223,5,Female,28
14224,4,Male,23
14225,3,Female,20
14226,9,Female,24
14227,5,Male,23
14228,8,Female,20
14229,9,Male,21
14230,5,Male,27
14231,10,Female,22
14232,9,Male,26
14233,2,Female,23
14234,9,Male,30
14235,4,Male,21
14236,6,Female,28
14237,6,Male,28
14238,6,Male,24
14239,2,Male,19
14240,7,Male,21
14241,6,Male,22
14242,1,Male,21
14243,2,Male,21
14244,7,Male,28
14245,1,Female,30
14246,1,Male,26
14247,1,Male,28
14248,8,Female,30
14249,4,Female,19
14250,4,Female,23
14251,2,Male,25
14252,1,Female,25
14253,10,Female,28
14254,9,Male,24
14255,7,Male,27
14256,4,Female,28
14257,6,Female,21
14258,2,Male,24
14259,7,Male,30
14260,2,Male,27
14261,10,Male,23
14262,8,Male,28
14263,8,Female,23
14264,1,Male,19
14265,8,Male,25
14266,2,Male,25
14267,6,Male,28
14268,1,Male,24
14269,5,Female,28
14270,7,Male,26
14271,10,Female,25
14272,1,Male,26
14273,2,Female,26
14274,7,Female,23
14275,6,Male,19
14276,3,Male,29
14277,10,Male,24
14278,2,Male,20
14279,10,Male,30
14280,4,Female,24
14281,3,Male,26
14282,7,Male,27
14283,8,Female,27
14284,2,Male,19
14285,10,Female,30
14286,7,Male,23
14287,8,Female,30
14288,6,Male,23
14289,6,Female,26
14290,10,Female,30
14291,1,Male,26
14292,4,Male,30
14293,1,Male,22
14294,4,Female,22
14295,2,Female,26
14296,5,Female,25
14297,10,Male,24
14298,9,Male,25
14299,10,Female,23
14300,3,Male,20
14301,8,Female,24
14302,3,Male,25
14303,6,Male,25
14304,4,Female,18
14305,8,Male,24
14306,6,Male,20
14307,8,Male,19
14308,1,Male,19
14309,6,Male,25
14310,1,Female,26
14311,1,Male,20
14312,8,Female,20
14313,7,Male,23
14314,3,Male,28
14315,6,Female,27
14316,9,Female,18
14317,7,Male,23
14318,3,Male,29
14319,6,Female,20
14320,4,Female,28
14321,3,Female,21
14322,9,Female,26
14323,10,Male,20
14324,2,Male,18
14325,1,Male,20
14326,2,Male,24
14327,7,Male,30
14328,10,Female,24
14329,1,Female,28
14330,6,Female,22
14331,7,Male,18
14332,9,Female,28
14333,8,Male,25
14334,6,Male,27
14335,3,Male,25
14336,8,Female,27
14337,7,Male,29
14338,3,Male,27
14339,9,Female,30
14340,2,Male,27
14341,3,Female,19
14342,2,Male,27
14343,1,Female,20
14344,4,Male,21
14345,5,Male,18
14346,6,Female,21
14347,5,Male,22
14348,1,Female,20
14349,3,Male,28
14350,1,Female,27
14351,5,Male,19
14352,5,Male,30
14353,6,Male,23
14354,8,Female,25
14355,10,Female,24
14356,1,Female,28
14357,4,Female,18
14358,10,Female,21
14359,1,Male,20
14360,9,Male,23
14361,7,Male,26
14362,7,Male,26
14363,5,Male,24
14364,7,Female,29
14365,2,Male,26
14366,4,Female,25
14367,7,Male,22
14368,3,Female,26
14369,2,Female,24
14370,10,Female,22
14371,2,Male,25
14372,1,Male,24
14373,5,Male,26
14374,6,Male,27
14375,6,Female,18
14376,9,Female,30
14377,4,Female,26
14378,1,Female,24
14379,6,Male,18
14380,5,Female,18
14381,10,Male,22
14382,6,Female,25
14383,3,Female,26
14384,2,Female,29
14385,6,Male,23
14386,1,Male,29
14387,7,Female,30
14388,7,Female,27
14389,10,Female,29
14390,7,Male,25
14391,10,Male,23
14392,1,Male,28
14393,4,Female,23
14394,7,Male,21
14395,9,Female,28
14396,5,Male,22
14397,2,Female,19
14398,7,Female,20
14399,10,Male,20
14400,1,Female,29
14401,7,Female,28
14402,6,Female,22
14403,7,Male,22
14404,10,Female,23
14405,3,Male,22
14406,3,Male,29
14407,7,Female,23
14408,2,Male,25
14409,1,Female,19
14410,9,Male,21
14411,9,Female,30
14412,7,Male,23
14413,7,Female,29
14414,3,Female,22
14415,10,Female,18
14416,2,Female,26
14417,7,Male,20
14418,9,Male,19
14419,1,Female,26
14420,4,Male,24
14421,6,Female,22
14422,7,Female,29
14423,10,Male,23
14424,7,Male,29
14425,10,Female,28
14426,2,Male,21
14427,4,Female,18
14428,5,Male,21
14429,1,Male,26
14430,1,Male,18
14431,10,Male,27
14432,3,Male,20
14433,10,Female,22
14434,3,Male,24
14435,8,Male,26
14436,9,Female,23
14437,1,Female,20
14438,2,Female,30
14439,10,Male,24
14440,2,Male,21
14441,4,Female,20
14442,2,Female,24
14443,7,Female,28
14444,9,Female,28
14445,7,Male,24
14446,6,Male,21
14447,10,Male,29
14448,1,Male,24
14449,10,Male,28
14450,9,Female,19
14451,5,Male,18
14452,5,Female,29
14453,6,Female,19
14454,9,Female,21
14455,8,Male,25
14456,8,Female,20
14457,8,Male,27
14458,1,Female,23
14459,1,Male,23
14460,8,Female,30
14461,5,Male,26
14462,9,Female,26
14463,2,Female,21
14464,9,Female,26
14465,8,Female,30
14466,9,Male,23
14467,4,Male,19
14468,1,Male,27
14469,1,Female,28
14470,5,Female,23
14471,2,Female,19
14472,8,Female,25
14473,10,Female,21
14474,5,Female,22
14475,5,Male,25
14476,2,Male,28
14477,7,Male,25
14478,8,Male,29
14479,10,Male,29
14480,1,Male,23
14481,2,Male,21
14482,10,Male,18
14483,4,Female,29
14484,5,Female,24
14485,2,Female,25
14486,1,Female,26
14487,9,Female,19
14488,1,Female,18
14489,4,Female,21
14490,2,Male,30
14491,4,Male,22
14492,8,Female,27
14493,8,Male,29
14494,9,Male,18
14495,5,Male,22
14496,7,Male,23
14497,3,Male,20
14498,10,Female,29
14499,4,Male,24
14500,10,Female,23
14501,9,Female,21
14502,10,Female,20
14503,10,Male,22
14504,1,Female,20
14505,2,Female,27
14506,5,Female,26
14507,3,Female,26
14508,2,Male,23
14509,1,Female,30
14510,10,Female,28
14511,3,Female,23
14512,1,Female,29
14513,1,Male,21
14514,1,Female,21
14515,8,Female,19
14516,3,Female,27
14517,1,Female,21
14518,7,Female,25
14519,10,Female,30
14520,3,Male,27
14521,8,Female,19
14522,4,Male,26
14523,4,Male,18
14524,5,Female,30
14525,6,Male,19
14526,7,Female,19
14527,4,Male,28
14528,8,Female,30
14529,6,Male,23
14530,1,Male,24
14531,1,Female,30
14532,9,Male,20
14533,10,Male,28
14534,6,Male,26
14535,10,Male,22
14536,8,Male,22
14537,7,Female,28
14538,6,Male,29
14539,4,Male,21
14540,7,Female,26
14541,9,Female,25
14542,10,Female,29
14543,10,Male,21
14544,7,Male,21
14545,1,Male,19
14546,10,Male,26
14547,9,Female,20
14548,4,Female,21
14549,3,Male,24
14550,4,Male,27
14551,4,Male,25
14552,10,Male,25
14553,2,Female,21
14554,1,Female,24
14555,10,Male,27
14556,1,Female,18
14557,8,Male,23
14558,2,Male,23
14559,10,Female,23
14560,5,Male,29
14561,4,Female,19
14562,8,Male,25
14563,2,Female,22
14564,10,Male,22
14565,9,Female,19
14566,7,Male,21
14567,7,Male,29
14568,1,Female,26
14569,2,Male,26
14570,4,Female,23
14571,4,Female,28
14572,3,Male,26
14573,7,Male,21
14574,8,Male,28
14575,2,Male,18
14576,4,Female,19
14577,3,Male,30
14578,2,Male,18
14579,6,Male,25
14580,4,Female,26
14581,6,Male,27
14582,2,Female,29
14583,4,Male,23
14584,6,Female,19
14585,5,Male,23
14586,3,Male,26
14587,8,Female,29
14588,7,Male,20
14589,3,Male,26
14590,6,Male,19
14591,4,Female,28
14592,5,Male,22
14593,5,Female,28
14594,7,Female,19
14595,5,Female,24
14596,3,Male,28
14597,10,Female,27
14598,5,Female,26
14599,7,Male,24
14600,5,Female,29
14601,5,Female,22
14602,9,Male,21
14603,3,Male,29
14604,6,Female,21
14605,1,Male,27
14606,10,Male,25
14607,5,Male,27
14608,8,Female,30
14609,5,Female,27
14610,9,Male,27
14611,6,Female,27
14612,8,Male,27
14613,10,Male,18
14614,8,Male,22
14615,3,Male,19
14616,7,Male,30
14617,7,Female,28
14618,10,Female,26
14619,6,Female,24
14620,7,Female,27
14621,2,Male,25
14622,9,Male,23
14623,10,Female,26
14624,10,Female,23
14625,1,Male,24
14626,1,Male,24
14627,3,Male,26
14628,3,Female,28
14629,1,Male,25
14630,7,Male,30
14631,4,Female,18
14632,10,Female,21
14633,2,Female,24
14634,10,Male,28
14635,5,Male,25
14636,6,Female,24
14637,9,Male,29
14638,4,Male,20
14639,2,Male,21
14640,5,Female,29
14641,3,Female,24
14642,2,Male,25
14643,1,Male,24
14644,10,Male,23
14645,2,Male,26
14646,6,Female,26
14647,8,Female,28
14648,3,Male,30
14649,9,Male,24
14650,9,Female,25
14651,2,Male,23
14652,8,Female,18
14653,10,Male,18
14654,5,Female,23
14655,4,Male,19
14656,10,Male,25
14657,5,Female,18
14658,4,Female,30
14659,8,Male,19
14660,4,Male,25
14661,10,Female,29
14662,6,Female,23
14663,2,Male,29
14664,5,Male,27
14665,6,Female,19
14666,5,Female,19
14667,2,Female,28
14668,7,Female,24
14669,4,Female,22
14670,8,Male,22
14671,7,Male,25
14672,7,Female,29
14673,9,Male,29
14674,1,Male,24
14675,10,Female,29
14676,6,Male,26
14677,6,Male,21
14678,6,Male,27
14679,6,Female,21
14680,10,Female,19
14681,7,Male,20
14682,10,Male,18
14683,6,Male,18
14684,1,Male,24
14685,3,Male,22
14686,2,Male,20
14687,6,Female,24
14688,8,Male,19
14689,3,Male,20
14690,10,Female,18
14691,8,Male,25
14692,8,Male,19
14693,5,Male,24
14694,8,Male,28
14695,6,Female,26
14696,5,Male,23
14697,9,Female,19
14698,7,Male,19
14699,8,Male,26
14700,1,Female,27
14701,2,Male,25
14702,8,Female,26
14703,9,Female,21
14704,4,Female,21
14705,10,Male,19
14706,10,Male,27
14707,9,Male,18
14708,4,Male,27
14709,10,Female,30
14710,10,Male,21
14711,10,Male,27
14712,9,Female,27
14713,7,Female,28
14714,2,Male,25
14715,9,Female,19
14716,4,Female,30
14717,8,Female,29
14718,7,Female,28
14719,7,Female,25
14720,8,Male,18
14721,1,Male,18
14722,5,Male,21
14723,2,Male,24
14724,2,Male,26
14725,1,Male,22
14726,5,Male,19
14727,2,Female,29
14728,4,Male,24
14729,3,Male,28
14730,3,Male,19
14731,2,Female,26
14732,6,Male,26
14733,2,Male,20
14734,8,Female,30
14735,8,Male,25
14736,5,Male,28
14737,10,Female,21
14738,7,Male,20
14739,4,Female,18
14740,1,Male,22
14741,2,Male,30
14742,10,Male,28
14743,10,Female,21
14744,4,Female,18
14745,1,Female,27
14746,8,Male,25
14747,9,Male,25
14748,4,Female,30
14749,10,Female,25
14750,3,Male,20
14751,2,Male,23
14752,5,Male,29
14753,3,Male,29
14754,10,Female,24
14755,7,Male,26
14756,6,Male,22
14757,1,Male,26
14758,8,Male,23
14759,2,Male,27
14760,5,Male,27
14761,9,Male,27
14762,8,Female,21
14763,2,Female,30
14764,9,Female,18
14765,5,Male,18
14766,10,Female,27
14767,6,Male,22
14768,3,Male,30
14769,3,Male,20
14770,10,Male,22
14771,8,Female,22
14772,10,Male,18
14773,10,Male,25
14774,2,Female,22
14775,2,Female,22
14776,5,Female,26
14777,6,Male,25
14778,2,Female,30
14779,5,Male,18
14780,7,Male,20
14781,10,Female,29
14782,10,Female,24
14783,8,Female,18
14784,7,Male,18
14785,8,Male,22
14786,9,Male,26
14787,5,Male,23
14788,5,Male,27
14789,10,Male,19
14790,4,Female,28
14791,9,Male,26
14792,5,Female,23
14793,2,Female,22
14794,10,Female,22
14795,8,Female,29
14796,7,Female,20
14797,8,Male,23
14798,3,Male,30
14799,4,Male,21
14800,5,Male,30
14801,6,Female,29
14802,1,Female,27
14803,4,Female,19
14804,10,Male,30
14805,5,Male,20
14806,7,Male,26
14807,5,Male,28
14808,1,Female,28
14809,7,Female,26
14810,8,Male,23
14811,7,Male,27
14812,4,Female,27
14813,8,Female,26
14814,5,Female,21
14815,10,Female,28
14816,9,Male,22
14817,10,Female,27
14818,5,Female,23
14819,1,Female,30
14820,9,Female,26
14821,5,Male,30
14822,6,Male,22
14823,4,Male,25
14824,6,Male,28
14825,8,Male,18
14826,3,Male,22
14827,5,Female,27
14828,2,Female,18
14829,2,Female,27
14830,7,Female,23
14831,10,Male,24
14832,10,Female,29
14833,10,Male,22
14834,6,Female,18
14835,4,Female,23
14836,5,Female,27
14837,1,Male,22
14838,7,Female,23
14839,8,Male,28
14840,9,Male,27
14841,8,Female,24
14842,5,Male,24
14843,3,Male,19
14844,10,Female,29
14845,9,Female,20
14846,6,Female,29
14847,5,Female,23
14848,3,Female,20
14849,6,Female,19
14850,3,Male,21
14851,10,Female,22
14852,6,Female,28
14853,4,Male,27
14854,2,Female,26
14855,8,Male,20
14856,4,Female,20
14857,9,Female,23
14858,7,Male,22
14859,2,Female,23
14860,4,Male,24
14861,5,Female,28
14862,3,Female,20
14863,9,Male,30
14864,5,Female,22
14865,2,Female,25
14866,3,Male,21
14867,9,Female,27
14868,7,Male,19
14869,2,Female,21
14870,9,Male,19
14871,4,Female,20
14872,9,Male,21
14873,2,Male,21
14874,10,Female,27
14875,4,Female,26
14876,5,Male,27
14877,2,Female,23
14878,10,Male,26
14879,1,Female,21
14880,7,Female,26
14881,10,Male,28
14882,1,Male,30
14883,8,Female,26
14884,3,Female,23
14885,10,Female,22
14886,6,Female,20
14887,7,Female,22
14888,10,Male,20
14889,1,Female,22
14890,6,Female,22
14891,7,Male,19
14892,6,Male,26
14893,4,Male,24
14894,1,Female,23
14895,9,Male,22
14896,4,Male,21
14897,7,Male,25
14898,7,Male,19
14899,2,Female,25
14900,1,Female,18
14901,8,Female,27
14902,8,Male,18
14903,7,Male,20
14904,8,Male,22
14905,3,Male,23
14906,2,Male,21
14907,7,Male,24
14908,8,Female,24
14909,1,Female,19
14910,10,Male,19
14911,9,Female,19
14912,4,Male,19
14913,4,Male,30
14914,3,Female,26
14915,6,Male,22
14916,1,Female,28
14917,6,Male,25
14918,2,Male,22
14919,9,Female,30
14920,2,Male,28
14921,7,Male,22
14922,1,Male,18
14923,7,Female,23
14924,5,Male,21
14925,8,Male,20
14926,4,Male,23
14927,10,Female,19
14928,7,Female,25
14929,6,Female,18
14930,5,Female,29
14931,4,Female,26
14932,7,Male,25
14933,5,Female,18
14934,5,Female,27
14935,1,Male,29
14936,2,Female,26
14937,5,Male,19
14938,3,Female,20
14939,2,Male,19
14940,4,Male,30
14941,4,Female,25
14942,4,Female,19
14943,4,Male,27
14944,3,Male,19
14945,7,Male,18
14946,9,Male,24
14947,5,Male,29
14948,4,Male,19
14949,2,Male,27
14950,2,Female,22
14951,5,Male,22
14952,7,Female,20
14953,10,Female,20
14954,10,Male,30
14955,9,Male,29
14956,7,Female,20
14957,5,Male,23
14958,10,Male,21
14959,10,Female,30
14960,10,Female,20
14961,6,Female,19
14962,3,Male,30
14963,5,Male,20
14964,8,Female,21
14965,1,Male,23
14966,1,Female,21
14967,7,Male,25
14968,5,Female,20
14969,5,Male,29
14970,1,Female,20
14971,9,Male,20
14972,1,Male,25
14973,5,Female,21
14974,10,Male,18
14975,9,Male,19
14976,4,Female,30
14977,8,Male,27
14978,6,Male,30
14979,3,Male,30
14980,4,Female,19
14981,2,Female,20
14982,1,Female,23
14983,8,Female,25
14984,1,Female,29
14985,1,Male,18
14986,4,Male,26
14987,10,Female,18
14988,10,Male,27
14989,6,Male,19
14990,9,Male,20
14991,1,Male,24
14992,7,Female,26
14993,10,Female,20
14994,5,Male,25
14995,8,Male,26
14996,7,Female,27
14997,4,Male,24
14998,4,Male,21
14999,6,Male,21
15000,6,Female,21
